--
-- PostgreSQL database dump
--

-- Dumped from database version 15.4 (Debian 15.4-2.pgdg120+1)
-- Dumped by pg_dump version 15.4 (Debian 15.4-2.pgdg120+1)

SET statement_timeout = 0;
SET lock_timeout = 0;
SET idle_in_transaction_session_timeout = 0;
SET client_encoding = 'UTF8';
SET standard_conforming_strings = on;
SELECT pg_catalog.set_config('search_path', '', false);
SET check_function_bodies = false;
SET xmloption = content;
SET client_min_messages = warning;
SET row_security = off;

--
-- Data for Name: EvaluationProfiles; Type: TABLE DATA; Schema: public; Owner: postgres
--

COPY public."EvaluationProfiles" ("Id", "Name", "Slug", "ChunkingStrategy", "ChunkSize", "ChunkOverlap", "EmbeddingModel", "TopK", "SemanticWeight", "LexicalWeight", "EnableRerank", "IsEnabled", "CreatedAt") FROM stdin;
489a097f-f24b-4763-9bf6-6b6465e9aa5d	xquad-e5-chunk300	xquad-e5-chunk300	Recursive (300/50)	300	50	intfloat/multilingual-e5-base	3	0.7	0.3	t	t	2026-07-17 18:16:48.631325+00
72c90267-fe10-4f6b-9fe9-8b5cb9dbc458	xquad-e5-chunk800	xquad-e5-chunk800	Recursive (800/100)	800	100	intfloat/multilingual-e5-base	3	0.7	0.3	t	t	2026-07-17 18:17:05.621973+00
664e2243-99e5-4ee6-aea8-7a1dab08e071	xquad-e5-base	xquad-e5-base	Default (1 sentence)	0	0	intfloat/multilingual-e5-base	3	0.7	0.3	t	t	2026-07-17 18:07:43.630131+00
fa8964f4-9e49-4997-9936-087e6a4b3b81	xquad-bge-m3	xquad-bge-m3	Default (1 sentence)	0	0	BAAI/bge-m3	3	0.7	0.3	t	t	2026-07-17 18:08:04.541983+00
c20ed040-f14b-4718-8820-14e0ae4a988c	xquad-phobert-base	xquad-phobert-base	Default (1 sentence)	0	0	vinai/phobert-base	3	0.7	0.3	t	t	2026-07-17 18:08:21.502499+00
\.


--
-- Data for Name: EvaluationRuns; Type: TABLE DATA; Schema: public; Owner: postgres
--

COPY public."EvaluationRuns" ("Id", "DatasetId", "BenchmarkDefinitionId", "EvaluationProfileId", "RunByUserId", "ProviderKey", "ModelName", "PromptVersion", "Status", "TotalQuestions", "CompletedQuestions", "ErrorMessage", "CreatedAt", "StartedAt", "CompletedAt") FROM stdin;
5086a755-ef82-4703-9447-3a2e1d558d23	7ae6443e-96f3-594a-b4f4-499b0c12d18f	10a6cf0d-5edd-4b94-9075-ec23ebfda44d	664e2243-99e5-4ee6-aea8-7a1dab08e071	204de756-2dfc-4053-a22a-34d2f2089df4	Groq	qwen/qwen3-32b	rag-v1	Completed	4	4	\N	2026-07-17 18:08:38.188771+00	2026-07-17 18:08:38.188771+00	2026-07-17 18:08:38.188771+00
9967a208-c13a-43d5-aa0e-685390bd1c59	7ae6443e-96f3-594a-b4f4-499b0c12d18f	10a6cf0d-5edd-4b94-9075-ec23ebfda44d	664e2243-99e5-4ee6-aea8-7a1dab08e071	204de756-2dfc-4053-a22a-34d2f2089df4	Groq	meta-llama/llama-4-scout-17b-16e-instruct	rag-v1	Completed	4	4	\N	2026-07-17 18:11:59.439984+00	2026-07-17 18:11:59.439984+00	2026-07-17 18:11:59.439984+00
779f0c87-eabe-4bf6-a64c-d65b422180e2	7ae6443e-96f3-594a-b4f4-499b0c12d18f	10a6cf0d-5edd-4b94-9075-ec23ebfda44d	664e2243-99e5-4ee6-aea8-7a1dab08e071	204de756-2dfc-4053-a22a-34d2f2089df4	Groq	(Retrieval Only)	rag-v1	Completed	20	20	\N	2026-07-17 18:07:43.066408+00	2026-07-17 18:07:43.066408+00	2026-07-17 18:07:43.066408+00
8787984c-c512-4850-a290-527274fa0e81	7ae6443e-96f3-594a-b4f4-499b0c12d18f	10a6cf0d-5edd-4b94-9075-ec23ebfda44d	fa8964f4-9e49-4997-9936-087e6a4b3b81	204de756-2dfc-4053-a22a-34d2f2089df4	Groq	(Retrieval Only)	rag-v1	Completed	20	20	\N	2026-07-17 18:08:04.242097+00	2026-07-17 18:08:04.242097+00	2026-07-17 18:08:04.242097+00
ac628377-6f1f-4a54-ace4-e44ff35b5b53	7ae6443e-96f3-594a-b4f4-499b0c12d18f	10a6cf0d-5edd-4b94-9075-ec23ebfda44d	c20ed040-f14b-4718-8820-14e0ae4a988c	204de756-2dfc-4053-a22a-34d2f2089df4	Groq	(Retrieval Only)	rag-v1	Completed	20	20	\N	2026-07-17 18:08:21.139219+00	2026-07-17 18:08:21.139219+00	2026-07-17 18:08:21.139219+00
7e9967d1-fce6-422a-96c2-79040da3d573	7ae6443e-96f3-594a-b4f4-499b0c12d18f	10a6cf0d-5edd-4b94-9075-ec23ebfda44d	489a097f-f24b-4763-9bf6-6b6465e9aa5d	204de756-2dfc-4053-a22a-34d2f2089df4	Groq	(Retrieval Only)	rag-v1	Completed	20	20	\N	2026-07-17 18:16:48.798905+00	2026-07-17 18:16:48.798905+00	2026-07-17 18:16:48.798905+00
9b0a8364-89a6-4c01-8ea2-7627a3539bc3	7ae6443e-96f3-594a-b4f4-499b0c12d18f	10a6cf0d-5edd-4b94-9075-ec23ebfda44d	72c90267-fe10-4f6b-9fe9-8b5cb9dbc458	204de756-2dfc-4053-a22a-34d2f2089df4	Groq	(Retrieval Only)	rag-v1	Completed	20	20	\N	2026-07-17 18:17:05.802534+00	2026-07-17 18:17:05.802534+00	2026-07-17 18:17:05.802534+00
\.


--
-- Data for Name: EvaluationResults; Type: TABLE DATA; Schema: public; Owner: postgres
--

COPY public."EvaluationResults" ("Id", "EvaluationRunId", "BenchmarkQuestionId", "Answer", "RetrievalLatencyMs", "GenerationLatencyMs", "InputTokens", "OutputTokens", "TotalTokens", "Status", "ErrorMessage", "Faithfulness", "AnswerRelevancy", "ContextPrecision", "ContextRecall", "CreatedAt") FROM stdin;
4fc6d03e-f4b9-4055-a10d-1c55ee6e2fc1	779f0c87-eabe-4bf6-a64c-d65b422180e2	f406d65b-fa50-4658-a391-9eca9a7e1ebb		32003	0	0	0	0	Completed		\N	\N	0.3333333333333333	1	2026-07-17 18:07:43.066408+00
67a26952-a867-4105-a4ac-96131eb54c23	779f0c87-eabe-4bf6-a64c-d65b422180e2	9e475c8a-2c4c-48a7-81ec-2439120ac60b		370	0	0	0	0	Completed		\N	\N	0.3333333333333333	1	2026-07-17 18:07:43.066408+00
4c9feb62-cc22-4eb3-a669-e6aa3cffcc87	779f0c87-eabe-4bf6-a64c-d65b422180e2	0535aa8e-6780-412a-9655-984051af4cc2		280	0	0	0	0	Completed		\N	\N	0.3333333333333333	1	2026-07-17 18:07:43.066408+00
12fd34f2-e66d-4f97-8b7b-71daf5cb891f	779f0c87-eabe-4bf6-a64c-d65b422180e2	c168db84-fcb8-4fce-b7c8-2c7f7d889cd8		344	0	0	0	0	Completed		\N	\N	0.3333333333333333	1	2026-07-17 18:07:43.066408+00
b826890d-5336-482c-b39d-f809902b0b65	779f0c87-eabe-4bf6-a64c-d65b422180e2	5aab87fc-bee0-4881-99af-ea4e44589b73		332	0	0	0	0	Completed		\N	\N	0.3333333333333333	1	2026-07-17 18:07:43.066408+00
9367f49b-ca7b-4171-8341-6095324c5bba	779f0c87-eabe-4bf6-a64c-d65b422180e2	6b3012bc-9d52-4ab6-8550-69fec9dea9c6		384	0	0	0	0	Completed		\N	\N	0.3333333333333333	1	2026-07-17 18:07:43.066408+00
fe3418fb-b537-47af-84cc-c7647698f323	779f0c87-eabe-4bf6-a64c-d65b422180e2	992d3ace-e082-4d59-b307-d3722749ae46		273	0	0	0	0	Completed		\N	\N	0.3333333333333333	1	2026-07-17 18:07:43.066408+00
d65accbd-9fb4-4cd7-8e70-02a1474aec2f	779f0c87-eabe-4bf6-a64c-d65b422180e2	26dd6388-9c08-4c3a-bf34-88ad33cc5404		419	0	0	0	0	Completed		\N	\N	0.3333333333333333	1	2026-07-17 18:07:43.066408+00
826c1e4d-d287-43d2-ba7b-e96f585f9bd9	779f0c87-eabe-4bf6-a64c-d65b422180e2	89a0830e-be98-44b0-b693-a5c952ba2958		275	0	0	0	0	Completed		\N	\N	0.3333333333333333	1	2026-07-17 18:07:43.066408+00
0cd1b39c-965e-4e2f-992c-79fa1d0ad1f7	779f0c87-eabe-4bf6-a64c-d65b422180e2	1c18a5a9-12de-418b-bae3-8e9ba5f4713b		291	0	0	0	0	Completed		\N	\N	0.3333333333333333	1	2026-07-17 18:07:43.066408+00
5b5833dd-64e9-4918-9e5e-0fea18d161cd	779f0c87-eabe-4bf6-a64c-d65b422180e2	e28cb520-cbd3-4e8e-8fd4-5d484d7707b5		373	0	0	0	0	Completed		\N	\N	0.3333333333333333	1	2026-07-17 18:07:43.066408+00
b625b9a2-ce19-416c-9fdc-0c6d2619d88e	779f0c87-eabe-4bf6-a64c-d65b422180e2	d991713e-fa0f-46de-bb7f-119df149637a		277	0	0	0	0	Completed		\N	\N	0.3333333333333333	1	2026-07-17 18:07:43.066408+00
fafdf08e-9795-41b9-89fa-f4a435b584be	779f0c87-eabe-4bf6-a64c-d65b422180e2	b3f30bf4-13cc-4e51-81fc-ae7703458db6		405	0	0	0	0	Completed		\N	\N	0.3333333333333333	1	2026-07-17 18:07:43.066408+00
26f5bc87-59fe-44c1-bb80-ddca8990cff2	779f0c87-eabe-4bf6-a64c-d65b422180e2	5e10d2a0-8817-4e9c-a2f1-f56fd717ecd2		391	0	0	0	0	Completed		\N	\N	0.3333333333333333	1	2026-07-17 18:07:43.066408+00
02d6a2ec-f9a8-4acf-a77e-a3868425b024	779f0c87-eabe-4bf6-a64c-d65b422180e2	bd3a72c9-dfd2-4601-9d92-09f455c7dcf9		390	0	0	0	0	Completed		\N	\N	0.3333333333333333	1	2026-07-17 18:07:43.066408+00
fb0c7c66-47d1-41e5-a199-b47d06c6ffad	779f0c87-eabe-4bf6-a64c-d65b422180e2	aa04b469-e813-4e83-bdc0-2bc4baf8371f		268	0	0	0	0	Completed		\N	\N	0.3333333333333333	1	2026-07-17 18:07:43.066408+00
0cc66e23-ced1-4527-8930-443b55ee082b	779f0c87-eabe-4bf6-a64c-d65b422180e2	9d504b6e-9716-4f31-9523-6ce4a91c7889		403	0	0	0	0	Completed		\N	\N	0.3333333333333333	1	2026-07-17 18:07:43.066408+00
245399b0-7614-42d2-92bf-2b717ffeb2dd	779f0c87-eabe-4bf6-a64c-d65b422180e2	f374ea78-282a-4682-b5c8-84757aa51e25		276	0	0	0	0	Completed		\N	\N	0.3333333333333333	1	2026-07-17 18:07:43.066408+00
70759c44-1d30-44ca-845f-de463af54233	779f0c87-eabe-4bf6-a64c-d65b422180e2	782434ea-f3e5-4929-baf9-52822fa4c465		280	0	0	0	0	Completed		\N	\N	0.3333333333333333	1	2026-07-17 18:07:43.066408+00
ae0cb7ba-6524-4cf7-ba2f-9abda7718794	779f0c87-eabe-4bf6-a64c-d65b422180e2	ffa3016b-a571-498f-b8e2-af7cba689085		346	0	0	0	0	Completed		\N	\N	0.3333333333333333	1	2026-07-17 18:07:43.066408+00
75162092-1526-4f4a-866b-8ce5f9844dea	8787984c-c512-4850-a290-527274fa0e81	f406d65b-fa50-4658-a391-9eca9a7e1ebb		42328	0	0	0	0	Completed		\N	\N	0.3333333333333333	1	2026-07-17 18:08:04.242097+00
8788ccf1-23f2-4b97-b027-5b01064cc71d	8787984c-c512-4850-a290-527274fa0e81	9e475c8a-2c4c-48a7-81ec-2439120ac60b		417	0	0	0	0	Completed		\N	\N	0.3333333333333333	1	2026-07-17 18:08:04.242097+00
eeb6781d-8808-4b78-a830-c815cc040d65	8787984c-c512-4850-a290-527274fa0e81	0535aa8e-6780-412a-9655-984051af4cc2		475	0	0	0	0	Completed		\N	\N	0.3333333333333333	1	2026-07-17 18:08:04.242097+00
937ffd8a-6b68-4959-a6b4-677a55fb80f5	8787984c-c512-4850-a290-527274fa0e81	c168db84-fcb8-4fce-b7c8-2c7f7d889cd8		431	0	0	0	0	Completed		\N	\N	0.3333333333333333	1	2026-07-17 18:08:04.242097+00
fa3a39e7-3010-41d2-8646-064bc694de32	8787984c-c512-4850-a290-527274fa0e81	5aab87fc-bee0-4881-99af-ea4e44589b73		520	0	0	0	0	Completed		\N	\N	0.3333333333333333	1	2026-07-17 18:08:04.242097+00
fb3fb4a8-3960-4e1d-83b5-010d3aa71b11	8787984c-c512-4850-a290-527274fa0e81	6b3012bc-9d52-4ab6-8550-69fec9dea9c6		425	0	0	0	0	Completed		\N	\N	0.3333333333333333	1	2026-07-17 18:08:04.242097+00
a42f0b24-4077-485b-89d7-438feec1cc43	8787984c-c512-4850-a290-527274fa0e81	992d3ace-e082-4d59-b307-d3722749ae46		518	0	0	0	0	Completed		\N	\N	0.3333333333333333	1	2026-07-17 18:08:04.242097+00
210ea821-dc3c-42b2-b26b-6b66ffe24bf5	8787984c-c512-4850-a290-527274fa0e81	26dd6388-9c08-4c3a-bf34-88ad33cc5404		459	0	0	0	0	Completed		\N	\N	0.3333333333333333	1	2026-07-17 18:08:04.242097+00
d3b62489-0410-4446-bb1b-64d75f12f28f	8787984c-c512-4850-a290-527274fa0e81	89a0830e-be98-44b0-b693-a5c952ba2958		445	0	0	0	0	Completed		\N	\N	0.3333333333333333	1	2026-07-17 18:08:04.242097+00
c79fcbae-cae0-4af8-ae1e-b038bcc5b4a8	8787984c-c512-4850-a290-527274fa0e81	1c18a5a9-12de-418b-bae3-8e9ba5f4713b		457	0	0	0	0	Completed		\N	\N	0.3333333333333333	1	2026-07-17 18:08:04.242097+00
8860347e-05cb-4900-badc-01c701ff27af	8787984c-c512-4850-a290-527274fa0e81	e28cb520-cbd3-4e8e-8fd4-5d484d7707b5		449	0	0	0	0	Completed		\N	\N	0.3333333333333333	1	2026-07-17 18:08:04.242097+00
0e48f549-1c06-43be-bfb4-3532bd4bb20c	8787984c-c512-4850-a290-527274fa0e81	d991713e-fa0f-46de-bb7f-119df149637a		374	0	0	0	0	Completed		\N	\N	0.3333333333333333	1	2026-07-17 18:08:04.242097+00
0ff90f81-dde9-4e7e-b258-e138c1992909	8787984c-c512-4850-a290-527274fa0e81	b3f30bf4-13cc-4e51-81fc-ae7703458db6		307	0	0	0	0	Completed		\N	\N	0.3333333333333333	1	2026-07-17 18:08:04.242097+00
cbb3997b-19f7-4367-84a5-6eedf2a0842c	8787984c-c512-4850-a290-527274fa0e81	5e10d2a0-8817-4e9c-a2f1-f56fd717ecd2		363	0	0	0	0	Completed		\N	\N	0.3333333333333333	1	2026-07-17 18:08:04.242097+00
83c92049-84c7-4169-ae46-a59d33207c5d	8787984c-c512-4850-a290-527274fa0e81	bd3a72c9-dfd2-4601-9d92-09f455c7dcf9		394	0	0	0	0	Completed		\N	\N	0.3333333333333333	1	2026-07-17 18:08:04.242097+00
87d323fd-82f6-4fe6-a9e3-483e135f7fce	8787984c-c512-4850-a290-527274fa0e81	aa04b469-e813-4e83-bdc0-2bc4baf8371f		402	0	0	0	0	Completed		\N	\N	0.3333333333333333	1	2026-07-17 18:08:04.242097+00
acf480e0-a895-4c10-9ab7-c286abaa070b	8787984c-c512-4850-a290-527274fa0e81	9d504b6e-9716-4f31-9523-6ce4a91c7889		454	0	0	0	0	Completed		\N	\N	0.3333333333333333	1	2026-07-17 18:08:04.242097+00
8285441b-097f-40ff-bea1-b9a7f65eec5e	8787984c-c512-4850-a290-527274fa0e81	f374ea78-282a-4682-b5c8-84757aa51e25		370	0	0	0	0	Completed		\N	\N	0.3333333333333333	1	2026-07-17 18:08:04.242097+00
01a24f94-7c8f-4a2f-b6f4-00428a61ba3a	8787984c-c512-4850-a290-527274fa0e81	782434ea-f3e5-4929-baf9-52822fa4c465		370	0	0	0	0	Completed		\N	\N	0.3333333333333333	1	2026-07-17 18:08:04.242097+00
b8c1cc88-433c-4853-be3f-4ed265f00cdb	8787984c-c512-4850-a290-527274fa0e81	ffa3016b-a571-498f-b8e2-af7cba689085		364	0	0	0	0	Completed		\N	\N	0.3333333333333333	1	2026-07-17 18:08:04.242097+00
6ff27f7a-a3c8-4f19-a29b-eeef3dedcf2a	ac628377-6f1f-4a54-ace4-e44ff35b5b53	f406d65b-fa50-4658-a391-9eca9a7e1ebb		20181	0	0	0	0	Completed		\N	\N	0.3333333333333333	1	2026-07-17 18:08:21.139219+00
07e37f28-ab72-4af1-8d05-a86cddd3d787	ac628377-6f1f-4a54-ace4-e44ff35b5b53	9e475c8a-2c4c-48a7-81ec-2439120ac60b		387	0	0	0	0	Completed		\N	\N	0.3333333333333333	1	2026-07-17 18:08:21.139219+00
03ed48de-b1ee-44af-8665-4b0da71f2ff0	ac628377-6f1f-4a54-ace4-e44ff35b5b53	0535aa8e-6780-412a-9655-984051af4cc2		254	0	0	0	0	Completed		\N	\N	0.3333333333333333	1	2026-07-17 18:08:21.139219+00
a3685787-a197-4c6f-ab95-3ae5e6bbfd3c	ac628377-6f1f-4a54-ace4-e44ff35b5b53	c168db84-fcb8-4fce-b7c8-2c7f7d889cd8		388	0	0	0	0	Completed		\N	\N	0.3333333333333333	1	2026-07-17 18:08:21.139219+00
30dab7b6-f3d8-49a9-ae24-6cb19113e6f2	ac628377-6f1f-4a54-ace4-e44ff35b5b53	5aab87fc-bee0-4881-99af-ea4e44589b73		333	0	0	0	0	Completed		\N	\N	0.3333333333333333	1	2026-07-17 18:08:21.139219+00
d33a7960-2142-4972-9d54-7ce8a9c12457	ac628377-6f1f-4a54-ace4-e44ff35b5b53	6b3012bc-9d52-4ab6-8550-69fec9dea9c6		217	0	0	0	0	Completed		\N	\N	0	0	2026-07-17 18:08:21.139219+00
2bd64e23-d3a1-4668-8a1a-8032913a747a	ac628377-6f1f-4a54-ace4-e44ff35b5b53	992d3ace-e082-4d59-b307-d3722749ae46		299	0	0	0	0	Completed		\N	\N	0.3333333333333333	1	2026-07-17 18:08:21.139219+00
472670e9-e15a-4a08-a0b6-26328d2a1e73	ac628377-6f1f-4a54-ace4-e44ff35b5b53	26dd6388-9c08-4c3a-bf34-88ad33cc5404		354	0	0	0	0	Completed		\N	\N	0	0	2026-07-17 18:08:21.139219+00
16428f19-ea08-4636-ac9f-c0c0e94f06bd	ac628377-6f1f-4a54-ace4-e44ff35b5b53	89a0830e-be98-44b0-b693-a5c952ba2958		387	0	0	0	0	Completed		\N	\N	0.3333333333333333	1	2026-07-17 18:08:21.139219+00
96d7143b-212f-490f-b78b-b6db75c1934a	ac628377-6f1f-4a54-ace4-e44ff35b5b53	1c18a5a9-12de-418b-bae3-8e9ba5f4713b		295	0	0	0	0	Completed		\N	\N	0.3333333333333333	1	2026-07-17 18:08:21.139219+00
ce697593-fb0a-4990-af2f-94a41d62fa95	ac628377-6f1f-4a54-ace4-e44ff35b5b53	e28cb520-cbd3-4e8e-8fd4-5d484d7707b5		291	0	0	0	0	Completed		\N	\N	0	0	2026-07-17 18:08:21.139219+00
93ab5d92-6ef4-42c9-af76-29040b9f11b6	ac628377-6f1f-4a54-ace4-e44ff35b5b53	d991713e-fa0f-46de-bb7f-119df149637a		281	0	0	0	0	Completed		\N	\N	0.3333333333333333	1	2026-07-17 18:08:21.139219+00
248b5637-00b2-4faf-ab2d-da7ad4f4323d	ac628377-6f1f-4a54-ace4-e44ff35b5b53	b3f30bf4-13cc-4e51-81fc-ae7703458db6		333	0	0	0	0	Completed		\N	\N	0.3333333333333333	1	2026-07-17 18:08:21.139219+00
311f5d57-20ab-4481-90bd-f613d6519753	ac628377-6f1f-4a54-ace4-e44ff35b5b53	5e10d2a0-8817-4e9c-a2f1-f56fd717ecd2		354	0	0	0	0	Completed		\N	\N	0.3333333333333333	1	2026-07-17 18:08:21.139219+00
1d02da3c-e652-4284-b8b8-80886b7ea8cb	ac628377-6f1f-4a54-ace4-e44ff35b5b53	bd3a72c9-dfd2-4601-9d92-09f455c7dcf9		282	0	0	0	0	Completed		\N	\N	0.3333333333333333	1	2026-07-17 18:08:21.139219+00
bcfcb0ed-6e07-4a12-a20b-055042759dc1	ac628377-6f1f-4a54-ace4-e44ff35b5b53	aa04b469-e813-4e83-bdc0-2bc4baf8371f		328	0	0	0	0	Completed		\N	\N	0	0	2026-07-17 18:08:21.139219+00
2bae8309-744a-4088-9772-b5949731d695	ac628377-6f1f-4a54-ace4-e44ff35b5b53	9d504b6e-9716-4f31-9523-6ce4a91c7889		282	0	0	0	0	Completed		\N	\N	0.3333333333333333	1	2026-07-17 18:08:21.139219+00
46540f5b-8930-4bcf-94e9-d807300cc6bf	ac628377-6f1f-4a54-ace4-e44ff35b5b53	f374ea78-282a-4682-b5c8-84757aa51e25		374	0	0	0	0	Completed		\N	\N	0.3333333333333333	1	2026-07-17 18:08:21.139219+00
3cc0a61a-7fa5-4fd1-a880-11a609eedd27	ac628377-6f1f-4a54-ace4-e44ff35b5b53	782434ea-f3e5-4929-baf9-52822fa4c465		285	0	0	0	0	Completed		\N	\N	0.3333333333333333	1	2026-07-17 18:08:21.139219+00
220d714f-cec0-46f9-9427-78a2a4438102	ac628377-6f1f-4a54-ace4-e44ff35b5b53	ffa3016b-a571-498f-b8e2-af7cba689085		308	0	0	0	0	Completed		\N	\N	0.3333333333333333	1	2026-07-17 18:08:21.139219+00
e13692c8-497a-42a4-8c3d-4a52539e11af	5086a755-ef82-4703-9447-3a2e1d558d23	782434ea-f3e5-4929-baf9-52822fa4c465	<think>\nOkay, let's see. The user is asking how many possible nominations there were for the award in 1915. I need to look at the context provided.\n\nLooking at the first paragraph of the context, it says: "cả Tesla và Edison đều không giành được giải thưởng (mặc dù Edison đã nhận được một trong 38 đề nghị có thể có vào năm 1915 và Tesla đã nhận được một trong 38 đề nghị có thể có vào năm 1937)." \n\nSo, the part about 1915 mentions that Edison received one out of 38 possible nominations. That means in 1915, there were 38 possible nominations. The question is specifically about 1915, so the answer should be 38. The other parts of the context talk about different topics like the Normans in Italy and a football game, which aren't relevant here. So the answer is 38.\n</think>\n\nCó 38 đề nghị có thể có cho giải thưởng vào năm 1915.	1974	596	656	229	885	Completed		1	1	0.3333333333333333	1	2026-07-17 18:08:38.188771+00
654089fb-47b4-4036-b5ad-e8eaa43ee439	5086a755-ef82-4703-9447-3a2e1d558d23	9d504b6e-9716-4f31-9523-6ce4a91c7889	<think>\nOkay, let's see. The user is asking who Tesla collaborated with in 1886. I need to check the provided context for that information.\n\nLooking at the first paragraph of the context: "Sau khi rời công ty của Edison, Tesla hợp tác với hai doanh nhân vào năm 1886, Robert Lane và Benjamin Vail..." So it clearly states that in 1886, Tesla partnered with Robert Lane and Benjamin Vail. They were the businessmen who funded his lighting company. \n\nThe other parts of the context talk about later events like patents and the Marconi case, which aren't relevant here. The answer should just be the two names mentioned. I need to make sure there's no other information in the context that might contradict or add more names, but from what's given, it's only Lane and Vail. The user wants the answer in Vietnamese, so I'll present the names as they are, since they're proper nouns. No need to translate them. Just list them as the answer.\n</think>\n\nTesla đã hợp tác với hai doanh nhân là Robert Lane và Benjamin Vail vào năm 1886.	1517	1009	556	242	798	Completed		1	1	0.3333333333333333	1	2026-07-17 18:08:38.188771+00
0652a05d-c8b8-4f8f-83b2-74ac89e13352	9b0a8364-89a6-4c01-8ea2-7627a3539bc3	5e10d2a0-8817-4e9c-a2f1-f56fd717ecd2		229	0	0	0	0	Completed		\N	\N	0.3333333333333333	1	2026-07-17 18:17:05.802534+00
efa20a04-82ef-4fe5-9653-5d78d077bb4b	9b0a8364-89a6-4c01-8ea2-7627a3539bc3	bd3a72c9-dfd2-4601-9d92-09f455c7dcf9		226	0	0	0	0	Completed		\N	\N	0.3333333333333333	1	2026-07-17 18:17:05.802534+00
b9bb292f-36dd-4e4c-8940-a8b142af9ab8	9b0a8364-89a6-4c01-8ea2-7627a3539bc3	aa04b469-e813-4e83-bdc0-2bc4baf8371f		279	0	0	0	0	Completed		\N	\N	0	0	2026-07-17 18:17:05.802534+00
b5b02f27-9f02-41c0-891e-1dd8c519fc15	9b0a8364-89a6-4c01-8ea2-7627a3539bc3	9d504b6e-9716-4f31-9523-6ce4a91c7889		177	0	0	0	0	Completed		\N	\N	0.3333333333333333	1	2026-07-17 18:17:05.802534+00
94cf5f36-1d6e-4b34-9fa9-3214c7ac1c8a	9b0a8364-89a6-4c01-8ea2-7627a3539bc3	f374ea78-282a-4682-b5c8-84757aa51e25		314	0	0	0	0	Completed		\N	\N	0.3333333333333333	1	2026-07-17 18:17:05.802534+00
1b1a7ca4-4880-4036-8f2a-5bc5df45de30	9b0a8364-89a6-4c01-8ea2-7627a3539bc3	782434ea-f3e5-4929-baf9-52822fa4c465		284	0	0	0	0	Completed		\N	\N	0.3333333333333333	1	2026-07-17 18:17:05.802534+00
de2203a6-0768-43aa-a2b1-9fe5839e9a13	9b0a8364-89a6-4c01-8ea2-7627a3539bc3	ffa3016b-a571-498f-b8e2-af7cba689085		244	0	0	0	0	Completed		\N	\N	0.3333333333333333	1	2026-07-17 18:17:05.802534+00
45bade3b-a715-4790-a19b-5c7f067fc3f9	5086a755-ef82-4703-9447-3a2e1d558d23	f374ea78-282a-4682-b5c8-84757aa51e25	<think>\nOkay, let's see. The user is asking when Tesla got his patent for the electric generator. I need to look through the provided context to find the answer.\n\nFirst paragraph mentions that in 1900, Tesla was granted a patent for a "system for transmitting electrical energy" and "a generator." So the generator patent was in 1900. The other parts talk about Marconi and radio patents in 1901, 1903, 1904, and 1943, but the question is specifically about the generator. The third paragraph talks about Tesla Electric Light & Manufacturing in 1886, but that's about lighting systems and the first patents, not the generator. So the answer should be 1900.\n</think>\n\nTesla đạt được bằng sáng chế cho "một máy phát điện" vào năm **1900**, như được ghi nhận trong ngữ cảnh.	1775	605	696	199	895	Completed		1	1	0.3333333333333333	1	2026-07-17 18:08:38.188771+00
0c700066-40dd-4735-bedd-84485c3d8624	5086a755-ef82-4703-9447-3a2e1d558d23	ffa3016b-a571-498f-b8e2-af7cba689085	<think>\nOkay, let's see. The user is asking which article was published in 1937. I need to look through the provided context to find that information.\n\nFirst, I'll scan the text for any mentions of 1937. The first part talks about Tesla's article titled "Một cỗ máy để Kết thúc Chiến tranh" published in 1937. Then there's a mention of Edison and Tesla not getting awards, with Tesla receiving a possible nomination in 1937. The rest of the text discusses theaters in Warsaw, like the Summer Theatre and others, but those are from different years, like 1922-26 and the 1930s. \n\nThe key part here is the first paragraph where Tesla's article is specifically named and dated 1937. The other mentions of 1937 are about a possible Nobel nomination, but the question is about an article. So the answer should be Tesla's article titled "Một cỗ máy để Kết thúc Chiến tranh".\n</think>\n\nCâu trả lời: Bài báo "Một cỗ máy để Kết thúc Chiến tranh" của Tesla được xuất bản năm 1937.	1711	893	377	256	633	Completed		1	1	0.3333333333333333	1	2026-07-17 18:08:38.188771+00
d0c6fdc5-2953-42a6-bea4-6efeba5d97b6	9967a208-c13a-43d5-aa0e-685390bd1c59	9d504b6e-9716-4f31-9523-6ce4a91c7889	Robert Lane và Benjamin Vail.	1515	799	514	8	522	Completed		1	1	0.3333333333333333	1	2026-07-17 18:11:59.439984+00
fead4093-3e2d-4d02-bc24-580123e91acd	9967a208-c13a-43d5-aa0e-685390bd1c59	f374ea78-282a-4682-b5c8-84757aa51e25	Năm 1900.	1448	316	646	6	652	Completed		1	1	0.3333333333333333	1	2026-07-17 18:11:59.439984+00
fe7d321c-fc20-4298-ab92-36d6e7594b35	9967a208-c13a-43d5-aa0e-685390bd1c59	782434ea-f3e5-4929-baf9-52822fa4c465	Có 38 đề nghị có thể có vào năm 1915.	1704	283	608	15	623	Completed		1	1	0.3333333333333333	1	2026-07-17 18:11:59.439984+00
b39b0fbc-da31-491c-92d9-c7f0fd3f8e1f	9967a208-c13a-43d5-aa0e-685390bd1c59	ffa3016b-a571-498f-b8e2-af7cba689085	Một cỗ máy để Kết thúc Chiến tranh.	1676	787	341	11	352	Completed		1	1	0.3333333333333333	1	2026-07-17 18:11:59.439984+00
46a5b3a2-8297-45b2-86ea-1f52118f1757	7e9967d1-fce6-422a-96c2-79040da3d573	f406d65b-fa50-4658-a391-9eca9a7e1ebb		7278	0	0	0	0	Completed		\N	\N	0.3333333333333333	1	2026-07-17 18:16:48.798905+00
cb96ab31-eced-47c1-8f1c-c94f3b9a1d9c	7e9967d1-fce6-422a-96c2-79040da3d573	9e475c8a-2c4c-48a7-81ec-2439120ac60b		237	0	0	0	0	Completed		\N	\N	0.3333333333333333	1	2026-07-17 18:16:48.798905+00
6d07557a-14e9-4474-88e6-817ba936d5cb	7e9967d1-fce6-422a-96c2-79040da3d573	0535aa8e-6780-412a-9655-984051af4cc2		222	0	0	0	0	Completed		\N	\N	0.3333333333333333	1	2026-07-17 18:16:48.798905+00
04ea261d-322c-452e-8041-3cacf6a33e21	7e9967d1-fce6-422a-96c2-79040da3d573	c168db84-fcb8-4fce-b7c8-2c7f7d889cd8		232	0	0	0	0	Completed		\N	\N	0.3333333333333333	1	2026-07-17 18:16:48.798905+00
81f839c1-029d-4bae-9316-254d6193c49e	7e9967d1-fce6-422a-96c2-79040da3d573	5aab87fc-bee0-4881-99af-ea4e44589b73		223	0	0	0	0	Completed		\N	\N	0.3333333333333333	1	2026-07-17 18:16:48.798905+00
c1380d9e-bdda-4317-9ad5-2760fe7e72e2	7e9967d1-fce6-422a-96c2-79040da3d573	6b3012bc-9d52-4ab6-8550-69fec9dea9c6		239	0	0	0	0	Completed		\N	\N	0.3333333333333333	1	2026-07-17 18:16:48.798905+00
a2e12518-ad6b-4098-9d72-d60b069c69d1	7e9967d1-fce6-422a-96c2-79040da3d573	992d3ace-e082-4d59-b307-d3722749ae46		299	0	0	0	0	Completed		\N	\N	0.3333333333333333	1	2026-07-17 18:16:48.798905+00
76f056b5-f2f2-48c5-90e5-243d88566b39	7e9967d1-fce6-422a-96c2-79040da3d573	26dd6388-9c08-4c3a-bf34-88ad33cc5404		228	0	0	0	0	Completed		\N	\N	0.3333333333333333	1	2026-07-17 18:16:48.798905+00
a9650517-65d0-4d9c-a34a-907247b2d45a	7e9967d1-fce6-422a-96c2-79040da3d573	89a0830e-be98-44b0-b693-a5c952ba2958		268	0	0	0	0	Completed		\N	\N	0.3333333333333333	1	2026-07-17 18:16:48.798905+00
b4223ec7-c862-4bbe-b97f-0dfd1f2a8414	7e9967d1-fce6-422a-96c2-79040da3d573	1c18a5a9-12de-418b-bae3-8e9ba5f4713b		180	0	0	0	0	Completed		\N	\N	0.3333333333333333	1	2026-07-17 18:16:48.798905+00
8fce4e0a-5e05-41e1-b96a-611be401ca1f	7e9967d1-fce6-422a-96c2-79040da3d573	e28cb520-cbd3-4e8e-8fd4-5d484d7707b5		312	0	0	0	0	Completed		\N	\N	0.3333333333333333	1	2026-07-17 18:16:48.798905+00
56c9a24b-c822-4559-83c9-bc0f3794249f	7e9967d1-fce6-422a-96c2-79040da3d573	d991713e-fa0f-46de-bb7f-119df149637a		165	0	0	0	0	Completed		\N	\N	0.3333333333333333	1	2026-07-17 18:16:48.798905+00
24b5b47e-a4f3-47ec-b3c9-9d5e6dd8563d	7e9967d1-fce6-422a-96c2-79040da3d573	b3f30bf4-13cc-4e51-81fc-ae7703458db6		231	0	0	0	0	Completed		\N	\N	0.3333333333333333	1	2026-07-17 18:16:48.798905+00
382cab7b-7787-4626-b12b-7ef8157be6dc	7e9967d1-fce6-422a-96c2-79040da3d573	5e10d2a0-8817-4e9c-a2f1-f56fd717ecd2		303	0	0	0	0	Completed		\N	\N	0.3333333333333333	1	2026-07-17 18:16:48.798905+00
ffd0b92e-7d54-4df3-8547-41d7fdf08f90	7e9967d1-fce6-422a-96c2-79040da3d573	bd3a72c9-dfd2-4601-9d92-09f455c7dcf9		316	0	0	0	0	Completed		\N	\N	0.3333333333333333	1	2026-07-17 18:16:48.798905+00
e72ebc73-e1c7-44f8-b0ac-7a6666867446	7e9967d1-fce6-422a-96c2-79040da3d573	aa04b469-e813-4e83-bdc0-2bc4baf8371f		299	0	0	0	0	Completed		\N	\N	0	0	2026-07-17 18:16:48.798905+00
9deb0f43-86c0-4b6e-bb7a-79d61b7a76bf	7e9967d1-fce6-422a-96c2-79040da3d573	9d504b6e-9716-4f31-9523-6ce4a91c7889		214	0	0	0	0	Completed		\N	\N	0.3333333333333333	1	2026-07-17 18:16:48.798905+00
690db227-641c-4c32-9500-1430bf61c49e	7e9967d1-fce6-422a-96c2-79040da3d573	f374ea78-282a-4682-b5c8-84757aa51e25		221	0	0	0	0	Completed		\N	\N	0.3333333333333333	1	2026-07-17 18:16:48.798905+00
909b8d4d-bf43-457a-982c-91028f643d74	7e9967d1-fce6-422a-96c2-79040da3d573	782434ea-f3e5-4929-baf9-52822fa4c465		321	0	0	0	0	Completed		\N	\N	0.3333333333333333	1	2026-07-17 18:16:48.798905+00
2e122f0c-63b6-4ecf-9ba1-50c0ce45fdbf	7e9967d1-fce6-422a-96c2-79040da3d573	ffa3016b-a571-498f-b8e2-af7cba689085		241	0	0	0	0	Completed		\N	\N	0.3333333333333333	1	2026-07-17 18:16:48.798905+00
e8d517c8-fbb9-4e77-873b-4b736b1a1ef6	9b0a8364-89a6-4c01-8ea2-7627a3539bc3	f406d65b-fa50-4658-a391-9eca9a7e1ebb		7711	0	0	0	0	Completed		\N	\N	0.3333333333333333	1	2026-07-17 18:17:05.802534+00
b8c6b998-6db4-4a81-b245-00549e48ecd6	9b0a8364-89a6-4c01-8ea2-7627a3539bc3	9e475c8a-2c4c-48a7-81ec-2439120ac60b		250	0	0	0	0	Completed		\N	\N	0.3333333333333333	1	2026-07-17 18:17:05.802534+00
c0aa37fb-b1e3-41dd-849e-57d5d09cccbb	9b0a8364-89a6-4c01-8ea2-7627a3539bc3	0535aa8e-6780-412a-9655-984051af4cc2		317	0	0	0	0	Completed		\N	\N	0.3333333333333333	1	2026-07-17 18:17:05.802534+00
e53e1d96-b10d-4128-bf02-3577fd6958dd	9b0a8364-89a6-4c01-8ea2-7627a3539bc3	c168db84-fcb8-4fce-b7c8-2c7f7d889cd8		310	0	0	0	0	Completed		\N	\N	0.3333333333333333	1	2026-07-17 18:17:05.802534+00
c2491278-a0a2-4ba5-b981-b1884545c4c5	9b0a8364-89a6-4c01-8ea2-7627a3539bc3	5aab87fc-bee0-4881-99af-ea4e44589b73		236	0	0	0	0	Completed		\N	\N	0.3333333333333333	1	2026-07-17 18:17:05.802534+00
8c187748-1313-4372-8925-4d965d2b7132	9b0a8364-89a6-4c01-8ea2-7627a3539bc3	6b3012bc-9d52-4ab6-8550-69fec9dea9c6		308	0	0	0	0	Completed		\N	\N	0.3333333333333333	1	2026-07-17 18:17:05.802534+00
d2a0af1c-ba46-4417-af7d-564f4abfe7b4	9b0a8364-89a6-4c01-8ea2-7627a3539bc3	992d3ace-e082-4d59-b307-d3722749ae46		168	0	0	0	0	Completed		\N	\N	0.3333333333333333	1	2026-07-17 18:17:05.802534+00
967fe1fe-d68b-4c5f-9c50-7bf3050f7773	9b0a8364-89a6-4c01-8ea2-7627a3539bc3	26dd6388-9c08-4c3a-bf34-88ad33cc5404		224	0	0	0	0	Completed		\N	\N	0.3333333333333333	1	2026-07-17 18:17:05.802534+00
ce023f8c-7b89-4814-b2cd-9c4d1af2e4f6	9b0a8364-89a6-4c01-8ea2-7627a3539bc3	89a0830e-be98-44b0-b693-a5c952ba2958		222	0	0	0	0	Completed		\N	\N	0.3333333333333333	1	2026-07-17 18:17:05.802534+00
8129b10e-58b1-494d-80e0-9944c80102ef	9b0a8364-89a6-4c01-8ea2-7627a3539bc3	1c18a5a9-12de-418b-bae3-8e9ba5f4713b		302	0	0	0	0	Completed		\N	\N	0.3333333333333333	1	2026-07-17 18:17:05.802534+00
924a8fa6-03e1-4f1f-b38a-a5b30914e8d9	9b0a8364-89a6-4c01-8ea2-7627a3539bc3	e28cb520-cbd3-4e8e-8fd4-5d484d7707b5		322	0	0	0	0	Completed		\N	\N	0.3333333333333333	1	2026-07-17 18:17:05.802534+00
d4d219ed-742c-4888-9128-0dc9af1f13e1	9b0a8364-89a6-4c01-8ea2-7627a3539bc3	d991713e-fa0f-46de-bb7f-119df149637a		172	0	0	0	0	Completed		\N	\N	0.3333333333333333	1	2026-07-17 18:17:05.802534+00
94a2e7f3-15e7-44b7-8876-a487a321d951	9b0a8364-89a6-4c01-8ea2-7627a3539bc3	b3f30bf4-13cc-4e51-81fc-ae7703458db6		285	0	0	0	0	Completed		\N	\N	0.3333333333333333	1	2026-07-17 18:17:05.802534+00
\.


--
-- Data for Name: EvaluationEvidence; Type: TABLE DATA; Schema: public; Owner: postgres
--

COPY public."EvaluationEvidence" ("Id", "EvaluationResultId", "ChunkId", "Rank", "Score", "Content", "MetadataJson") FROM stdin;
64551192-8fee-4ccd-b84f-e74b7544dcff	4fc6d03e-f4b9-4055-a10d-1c55ee6e2fc1	fe559863-f68b-5e79-a24d-8c2ed1ff813c	1	\N		{"chunkId": "fe559863-f68b-5e79-a24d-8c2ed1ff813c"}
d2aba28f-7b9a-47ae-bbd2-0a9a62e9c728	4fc6d03e-f4b9-4055-a10d-1c55ee6e2fc1	f713b14d-22b2-5a73-bf07-631f5d73c9e5	2	\N		{"chunkId": "f713b14d-22b2-5a73-bf07-631f5d73c9e5"}
97150f39-e887-41d6-9210-c2f00435753a	4fc6d03e-f4b9-4055-a10d-1c55ee6e2fc1	fbb62fa5-7f03-57e2-8cc3-736304d93df6	3	\N		{"chunkId": "fbb62fa5-7f03-57e2-8cc3-736304d93df6"}
ad33df92-dc2d-4885-8e70-a7310c1803e8	67a26952-a867-4105-a4ac-96131eb54c23	fbb62fa5-7f03-57e2-8cc3-736304d93df6	1	\N		{"chunkId": "fbb62fa5-7f03-57e2-8cc3-736304d93df6"}
339f4c67-16f0-4420-a9a6-43112d3fe042	67a26952-a867-4105-a4ac-96131eb54c23	f713b14d-22b2-5a73-bf07-631f5d73c9e5	2	\N		{"chunkId": "f713b14d-22b2-5a73-bf07-631f5d73c9e5"}
41ff284f-ab90-4980-8862-ef447ea12034	67a26952-a867-4105-a4ac-96131eb54c23	90c5d770-0307-5156-bda1-35ac21808d8d	3	\N		{"chunkId": "90c5d770-0307-5156-bda1-35ac21808d8d"}
efe1c42a-44b7-4c73-8f54-f20f33642a0f	4c9feb62-cc22-4eb3-a669-e6aa3cffcc87	90c5d770-0307-5156-bda1-35ac21808d8d	1	\N		{"chunkId": "90c5d770-0307-5156-bda1-35ac21808d8d"}
8d56c777-10d8-43f1-a206-661331f957b3	4c9feb62-cc22-4eb3-a669-e6aa3cffcc87	fbb62fa5-7f03-57e2-8cc3-736304d93df6	2	\N		{"chunkId": "fbb62fa5-7f03-57e2-8cc3-736304d93df6"}
a6cbbc05-ad71-4ce6-823f-ed466691766f	4c9feb62-cc22-4eb3-a669-e6aa3cffcc87	f713b14d-22b2-5a73-bf07-631f5d73c9e5	3	\N		{"chunkId": "f713b14d-22b2-5a73-bf07-631f5d73c9e5"}
b6f3cd44-77b8-4131-95fd-af984d339225	12fd34f2-e66d-4f97-8b7b-71daf5cb891f	195ff815-2931-5008-812d-bc36f8bb2fdf	1	\N		{"chunkId": "195ff815-2931-5008-812d-bc36f8bb2fdf"}
cecb6d4e-896f-4b21-89ac-5616fdcfa3e7	12fd34f2-e66d-4f97-8b7b-71daf5cb891f	10fce57f-c5df-55ce-b206-d1918cb64fbb	2	\N		{"chunkId": "10fce57f-c5df-55ce-b206-d1918cb64fbb"}
d899a6a2-7253-45ea-8954-8da7c19bda79	12fd34f2-e66d-4f97-8b7b-71daf5cb891f	fe559863-f68b-5e79-a24d-8c2ed1ff813c	3	\N		{"chunkId": "fe559863-f68b-5e79-a24d-8c2ed1ff813c"}
8c32f90c-90df-4f92-8d12-93d4cda32586	b826890d-5336-482c-b39d-f809902b0b65	f713b14d-22b2-5a73-bf07-631f5d73c9e5	1	\N		{"chunkId": "f713b14d-22b2-5a73-bf07-631f5d73c9e5"}
63a89e21-0095-4b57-afe9-3a4cbd535b42	b826890d-5336-482c-b39d-f809902b0b65	fbb62fa5-7f03-57e2-8cc3-736304d93df6	2	\N		{"chunkId": "fbb62fa5-7f03-57e2-8cc3-736304d93df6"}
a6c18648-71ab-44f9-abbd-bfc2fe9a46d9	b826890d-5336-482c-b39d-f809902b0b65	fe559863-f68b-5e79-a24d-8c2ed1ff813c	3	\N		{"chunkId": "fe559863-f68b-5e79-a24d-8c2ed1ff813c"}
c920897f-7b45-48c5-b8cd-d3e936f76620	9367f49b-ca7b-4171-8341-6095324c5bba	edc4734b-3e8b-554a-a6a6-a9b6f38dbb3f	1	\N		{"chunkId": "edc4734b-3e8b-554a-a6a6-a9b6f38dbb3f"}
c9b46c96-dd63-4821-804b-944baf003140	9367f49b-ca7b-4171-8341-6095324c5bba	6278bc80-067b-5e1d-918b-83107831c834	2	\N		{"chunkId": "6278bc80-067b-5e1d-918b-83107831c834"}
96b7b96a-c798-4dd3-a92a-18e1a1447421	9367f49b-ca7b-4171-8341-6095324c5bba	f6bab62d-18ff-576d-8175-bcb8c0798d99	3	\N		{"chunkId": "f6bab62d-18ff-576d-8175-bcb8c0798d99"}
18735b4c-79f0-45b7-99bb-9f6800231675	fe3418fb-b537-47af-84cc-c7647698f323	0ae61050-956e-5b49-98ad-ba5944afb05b	1	\N		{"chunkId": "0ae61050-956e-5b49-98ad-ba5944afb05b"}
e9bab353-eaf9-4c97-8279-2a55c09a1741	fe3418fb-b537-47af-84cc-c7647698f323	fbb62fa5-7f03-57e2-8cc3-736304d93df6	2	\N		{"chunkId": "fbb62fa5-7f03-57e2-8cc3-736304d93df6"}
143377b7-7304-43af-9c95-35c716afe278	fe3418fb-b537-47af-84cc-c7647698f323	6278bc80-067b-5e1d-918b-83107831c834	3	\N		{"chunkId": "6278bc80-067b-5e1d-918b-83107831c834"}
f564acfa-a3df-44cf-8c63-790a871d3783	d65accbd-9fb4-4cd7-8e70-02a1474aec2f	a271d006-82e3-5755-9160-e557f64ed81f	1	\N		{"chunkId": "a271d006-82e3-5755-9160-e557f64ed81f"}
3dc4e808-f5e1-40c8-875b-3070b253266f	d65accbd-9fb4-4cd7-8e70-02a1474aec2f	6278bc80-067b-5e1d-918b-83107831c834	2	\N		{"chunkId": "6278bc80-067b-5e1d-918b-83107831c834"}
260ecfdf-9d0b-4a37-aa22-c3d344d1636d	d65accbd-9fb4-4cd7-8e70-02a1474aec2f	f6bab62d-18ff-576d-8175-bcb8c0798d99	3	\N		{"chunkId": "f6bab62d-18ff-576d-8175-bcb8c0798d99"}
3f8fd7dd-0203-4586-880b-fe05cb0679a7	826c1e4d-d287-43d2-ba7b-e96f585f9bd9	6278bc80-067b-5e1d-918b-83107831c834	1	\N		{"chunkId": "6278bc80-067b-5e1d-918b-83107831c834"}
6c6335cd-8e5c-4284-b905-51a23e1b707c	826c1e4d-d287-43d2-ba7b-e96f585f9bd9	0ae61050-956e-5b49-98ad-ba5944afb05b	2	\N		{"chunkId": "0ae61050-956e-5b49-98ad-ba5944afb05b"}
9ba0430e-06b0-42f7-ad96-f18f21945461	826c1e4d-d287-43d2-ba7b-e96f585f9bd9	f6bab62d-18ff-576d-8175-bcb8c0798d99	3	\N		{"chunkId": "f6bab62d-18ff-576d-8175-bcb8c0798d99"}
bc2034c9-2f25-4b29-86a0-2dc01b4e4a8e	0cd1b39c-965e-4e2f-992c-79fa1d0ad1f7	f6bab62d-18ff-576d-8175-bcb8c0798d99	1	\N		{"chunkId": "f6bab62d-18ff-576d-8175-bcb8c0798d99"}
bc9f9e32-9177-4238-8eba-1308098386d9	0cd1b39c-965e-4e2f-992c-79fa1d0ad1f7	edc4734b-3e8b-554a-a6a6-a9b6f38dbb3f	2	\N		{"chunkId": "edc4734b-3e8b-554a-a6a6-a9b6f38dbb3f"}
37211403-726e-4880-a17a-1f9e5121a7ff	0cd1b39c-965e-4e2f-992c-79fa1d0ad1f7	6278bc80-067b-5e1d-918b-83107831c834	3	\N		{"chunkId": "6278bc80-067b-5e1d-918b-83107831c834"}
6908121a-fbd4-4f80-8840-c7a85f7f918e	5b5833dd-64e9-4918-9e5e-0fea18d161cd	686cdfb9-2d11-522a-bdf9-cd7a746160af	1	\N		{"chunkId": "686cdfb9-2d11-522a-bdf9-cd7a746160af"}
a598195f-3ac4-44ef-9027-5593e48407f0	5b5833dd-64e9-4918-9e5e-0fea18d161cd	0093af61-846c-528e-bd65-394ffeb59c2f	2	\N		{"chunkId": "0093af61-846c-528e-bd65-394ffeb59c2f"}
444b3620-da56-42cd-ad12-09566f4696e8	5b5833dd-64e9-4918-9e5e-0fea18d161cd	a0febfb2-e183-5069-bc18-3ecbf26b845d	3	\N		{"chunkId": "a0febfb2-e183-5069-bc18-3ecbf26b845d"}
9775cf94-3eb6-490a-9339-3b33864fd4b4	b625b9a2-ce19-416c-9fdc-0c6d2619d88e	a0febfb2-e183-5069-bc18-3ecbf26b845d	1	\N		{"chunkId": "a0febfb2-e183-5069-bc18-3ecbf26b845d"}
ecb1961b-586a-4d23-80c1-72c9a8781da4	b625b9a2-ce19-416c-9fdc-0c6d2619d88e	0093af61-846c-528e-bd65-394ffeb59c2f	2	\N		{"chunkId": "0093af61-846c-528e-bd65-394ffeb59c2f"}
ca552a1b-efce-446e-8144-f9a9a0ee39a6	b625b9a2-ce19-416c-9fdc-0c6d2619d88e	4cf61070-b5d0-5f8e-8b82-1da52dc4b9fc	3	\N		{"chunkId": "4cf61070-b5d0-5f8e-8b82-1da52dc4b9fc"}
737db7f5-dc8d-4fda-91b5-e315080fae6f	fafdf08e-9795-41b9-89fa-f4a435b584be	4d148a17-327e-5046-8b1c-67990dd2bc50	1	\N		{"chunkId": "4d148a17-327e-5046-8b1c-67990dd2bc50"}
7b378156-4314-4ca0-abeb-3f00b4dfccce	fafdf08e-9795-41b9-89fa-f4a435b584be	0093af61-846c-528e-bd65-394ffeb59c2f	2	\N		{"chunkId": "0093af61-846c-528e-bd65-394ffeb59c2f"}
e26ef7a7-4de9-4f2f-a9f0-1aec70913dcd	fafdf08e-9795-41b9-89fa-f4a435b584be	a0febfb2-e183-5069-bc18-3ecbf26b845d	3	\N		{"chunkId": "a0febfb2-e183-5069-bc18-3ecbf26b845d"}
ccd7aa87-a154-4029-b63a-398d8336db75	26f5bc87-59fe-44c1-bb80-ddca8990cff2	a0febfb2-e183-5069-bc18-3ecbf26b845d	1	\N		{"chunkId": "a0febfb2-e183-5069-bc18-3ecbf26b845d"}
73832e74-a553-4391-bcf5-0682d0e136a0	26f5bc87-59fe-44c1-bb80-ddca8990cff2	0093af61-846c-528e-bd65-394ffeb59c2f	2	\N		{"chunkId": "0093af61-846c-528e-bd65-394ffeb59c2f"}
7ffc08e1-083d-4270-9e0a-016c650fd948	26f5bc87-59fe-44c1-bb80-ddca8990cff2	4d148a17-327e-5046-8b1c-67990dd2bc50	3	\N		{"chunkId": "4d148a17-327e-5046-8b1c-67990dd2bc50"}
4525909a-61dc-4575-a4ee-45aa70621536	02d6a2ec-f9a8-4acf-a77e-a3868425b024	4cf61070-b5d0-5f8e-8b82-1da52dc4b9fc	1	\N		{"chunkId": "4cf61070-b5d0-5f8e-8b82-1da52dc4b9fc"}
4f34c5cc-8a4f-4e53-848d-faccede72d04	02d6a2ec-f9a8-4acf-a77e-a3868425b024	686cdfb9-2d11-522a-bdf9-cd7a746160af	2	\N		{"chunkId": "686cdfb9-2d11-522a-bdf9-cd7a746160af"}
c51e55bb-08af-47c5-948e-b72307865705	02d6a2ec-f9a8-4acf-a77e-a3868425b024	a0febfb2-e183-5069-bc18-3ecbf26b845d	3	\N		{"chunkId": "a0febfb2-e183-5069-bc18-3ecbf26b845d"}
56bed237-90fd-469e-977c-dd2115f81b3d	fb0c7c66-47d1-41e5-a199-b47d06c6ffad	02ee320c-eab3-567b-8fc7-36ced01944be	1	\N		{"chunkId": "02ee320c-eab3-567b-8fc7-36ced01944be"}
c42465eb-d6a2-4a18-a20c-5c4a7d3556bd	fb0c7c66-47d1-41e5-a199-b47d06c6ffad	10fce57f-c5df-55ce-b206-d1918cb64fbb	2	\N		{"chunkId": "10fce57f-c5df-55ce-b206-d1918cb64fbb"}
f7f238d2-a445-413b-8bad-b7d3d9a8fde3	fb0c7c66-47d1-41e5-a199-b47d06c6ffad	0a04e5fd-1d9e-51df-8017-f9e7f470e78d	3	\N		{"chunkId": "0a04e5fd-1d9e-51df-8017-f9e7f470e78d"}
e509f98b-4e38-48c7-81d1-5a8c04dca70c	0cc66e23-ced1-4527-8930-443b55ee082b	23442b2b-326c-5bc4-8d25-6e02f1cf5f0c	1	\N		{"chunkId": "23442b2b-326c-5bc4-8d25-6e02f1cf5f0c"}
2489bcee-8134-4393-a1e7-09d5ee38e682	0cc66e23-ced1-4527-8930-443b55ee082b	372a9e3a-b309-5bf1-809d-e3c6f9498954	2	\N		{"chunkId": "372a9e3a-b309-5bf1-809d-e3c6f9498954"}
20a2f4ad-003c-43cc-9da5-0d8e53c31889	0cc66e23-ced1-4527-8930-443b55ee082b	02ee320c-eab3-567b-8fc7-36ced01944be	3	\N		{"chunkId": "02ee320c-eab3-567b-8fc7-36ced01944be"}
c4bd37cd-a2ce-499b-ba7a-6ca308804531	245399b0-7614-42d2-92bf-2b717ffeb2dd	372a9e3a-b309-5bf1-809d-e3c6f9498954	1	\N		{"chunkId": "372a9e3a-b309-5bf1-809d-e3c6f9498954"}
fa5520d9-d93c-4c5e-896d-3bc2dd69670b	245399b0-7614-42d2-92bf-2b717ffeb2dd	23442b2b-326c-5bc4-8d25-6e02f1cf5f0c	2	\N		{"chunkId": "23442b2b-326c-5bc4-8d25-6e02f1cf5f0c"}
3c7b0acd-8ecb-41df-8b58-33902dea7dca	245399b0-7614-42d2-92bf-2b717ffeb2dd	02ee320c-eab3-567b-8fc7-36ced01944be	3	\N		{"chunkId": "02ee320c-eab3-567b-8fc7-36ced01944be"}
c9d534e5-0bd1-4d77-a291-aafd8166f46d	70759c44-1d30-44ca-845f-de463af54233	10fce57f-c5df-55ce-b206-d1918cb64fbb	1	\N		{"chunkId": "10fce57f-c5df-55ce-b206-d1918cb64fbb"}
0af2ac8e-6cba-4f07-80d1-5c91447d811a	70759c44-1d30-44ca-845f-de463af54233	372a9e3a-b309-5bf1-809d-e3c6f9498954	2	\N		{"chunkId": "372a9e3a-b309-5bf1-809d-e3c6f9498954"}
f0229e7e-335c-4e38-9893-26647e293fac	70759c44-1d30-44ca-845f-de463af54233	195ff815-2931-5008-812d-bc36f8bb2fdf	3	\N		{"chunkId": "195ff815-2931-5008-812d-bc36f8bb2fdf"}
a28b340a-29ae-4fca-b448-a019e1587fa1	ae0cb7ba-6524-4cf7-ba2f-9abda7718794	0a04e5fd-1d9e-51df-8017-f9e7f470e78d	1	\N		{"chunkId": "0a04e5fd-1d9e-51df-8017-f9e7f470e78d"}
d406ab02-8ba4-4645-85ab-ff00ff551333	ae0cb7ba-6524-4cf7-ba2f-9abda7718794	10fce57f-c5df-55ce-b206-d1918cb64fbb	2	\N		{"chunkId": "10fce57f-c5df-55ce-b206-d1918cb64fbb"}
1b5e8ab0-6bd5-447b-bfce-472841af5d84	ae0cb7ba-6524-4cf7-ba2f-9abda7718794	edc4734b-3e8b-554a-a6a6-a9b6f38dbb3f	3	\N		{"chunkId": "edc4734b-3e8b-554a-a6a6-a9b6f38dbb3f"}
6c998322-2161-4747-a577-ae6b5cb148bb	75162092-1526-4f4a-866b-8ce5f9844dea	fe559863-f68b-5e79-a24d-8c2ed1ff813c	1	\N		{"chunkId": "fe559863-f68b-5e79-a24d-8c2ed1ff813c"}
fedf0546-1467-4b9d-a4e3-385e59e271b1	75162092-1526-4f4a-866b-8ce5f9844dea	f713b14d-22b2-5a73-bf07-631f5d73c9e5	2	\N		{"chunkId": "f713b14d-22b2-5a73-bf07-631f5d73c9e5"}
8222ad66-b7e1-4c40-8d29-514da690ff3b	75162092-1526-4f4a-866b-8ce5f9844dea	fbb62fa5-7f03-57e2-8cc3-736304d93df6	3	\N		{"chunkId": "fbb62fa5-7f03-57e2-8cc3-736304d93df6"}
5d3055a1-6da8-4caa-b177-92f4bfad1e31	8788ccf1-23f2-4b97-b027-5b01064cc71d	fbb62fa5-7f03-57e2-8cc3-736304d93df6	1	\N		{"chunkId": "fbb62fa5-7f03-57e2-8cc3-736304d93df6"}
89f3e512-4f4a-4090-954d-3c6d208bb234	8788ccf1-23f2-4b97-b027-5b01064cc71d	f713b14d-22b2-5a73-bf07-631f5d73c9e5	2	\N		{"chunkId": "f713b14d-22b2-5a73-bf07-631f5d73c9e5"}
a8ba91df-6343-456d-9726-a091824ab650	8788ccf1-23f2-4b97-b027-5b01064cc71d	90c5d770-0307-5156-bda1-35ac21808d8d	3	\N		{"chunkId": "90c5d770-0307-5156-bda1-35ac21808d8d"}
5f100f4c-89b7-46e8-af1c-5b1de3b32705	eeb6781d-8808-4b78-a830-c815cc040d65	90c5d770-0307-5156-bda1-35ac21808d8d	1	\N		{"chunkId": "90c5d770-0307-5156-bda1-35ac21808d8d"}
8f2d320b-ce29-4cfd-b419-6c78d297e5fd	eeb6781d-8808-4b78-a830-c815cc040d65	fbb62fa5-7f03-57e2-8cc3-736304d93df6	2	\N		{"chunkId": "fbb62fa5-7f03-57e2-8cc3-736304d93df6"}
b7d50fc6-9867-4a15-8983-1e802e08ddd4	eeb6781d-8808-4b78-a830-c815cc040d65	f713b14d-22b2-5a73-bf07-631f5d73c9e5	3	\N		{"chunkId": "f713b14d-22b2-5a73-bf07-631f5d73c9e5"}
267712fb-f418-48a3-b3ef-b2ae0888e888	937ffd8a-6b68-4959-a6b4-677a55fb80f5	195ff815-2931-5008-812d-bc36f8bb2fdf	1	\N		{"chunkId": "195ff815-2931-5008-812d-bc36f8bb2fdf"}
a7fb7d74-cb58-4d1b-b334-23d194fd77bf	937ffd8a-6b68-4959-a6b4-677a55fb80f5	10fce57f-c5df-55ce-b206-d1918cb64fbb	2	\N		{"chunkId": "10fce57f-c5df-55ce-b206-d1918cb64fbb"}
229dfc4f-2d84-4f6d-85f1-9bc9affa79c4	937ffd8a-6b68-4959-a6b4-677a55fb80f5	fe559863-f68b-5e79-a24d-8c2ed1ff813c	3	\N		{"chunkId": "fe559863-f68b-5e79-a24d-8c2ed1ff813c"}
14460e0c-a995-4567-9273-ad4099c13efe	fa3a39e7-3010-41d2-8646-064bc694de32	f713b14d-22b2-5a73-bf07-631f5d73c9e5	1	\N		{"chunkId": "f713b14d-22b2-5a73-bf07-631f5d73c9e5"}
ecc27ded-c9e2-478d-9e23-fc6a3ff0173f	fa3a39e7-3010-41d2-8646-064bc694de32	fbb62fa5-7f03-57e2-8cc3-736304d93df6	2	\N		{"chunkId": "fbb62fa5-7f03-57e2-8cc3-736304d93df6"}
ca2ef92c-973a-43ff-a024-f5795d5b6bc7	fa3a39e7-3010-41d2-8646-064bc694de32	fe559863-f68b-5e79-a24d-8c2ed1ff813c	3	\N		{"chunkId": "fe559863-f68b-5e79-a24d-8c2ed1ff813c"}
d4a59729-dd05-4bee-833f-7600b2031eaf	fb3fb4a8-3960-4e1d-83b5-010d3aa71b11	edc4734b-3e8b-554a-a6a6-a9b6f38dbb3f	1	\N		{"chunkId": "edc4734b-3e8b-554a-a6a6-a9b6f38dbb3f"}
8dfe783f-bb29-4d60-a237-ed51c026ac81	fb3fb4a8-3960-4e1d-83b5-010d3aa71b11	6278bc80-067b-5e1d-918b-83107831c834	2	\N		{"chunkId": "6278bc80-067b-5e1d-918b-83107831c834"}
3cfc8006-bac3-4cd1-88c1-e9e3f9f33a72	fb3fb4a8-3960-4e1d-83b5-010d3aa71b11	0ae61050-956e-5b49-98ad-ba5944afb05b	3	\N		{"chunkId": "0ae61050-956e-5b49-98ad-ba5944afb05b"}
528da269-b519-4892-9fc9-de38169098d5	a42f0b24-4077-485b-89d7-438feec1cc43	0ae61050-956e-5b49-98ad-ba5944afb05b	1	\N		{"chunkId": "0ae61050-956e-5b49-98ad-ba5944afb05b"}
3ede885b-6534-452e-b127-1cc55cdd8b5a	a42f0b24-4077-485b-89d7-438feec1cc43	fbb62fa5-7f03-57e2-8cc3-736304d93df6	2	\N		{"chunkId": "fbb62fa5-7f03-57e2-8cc3-736304d93df6"}
45820e4e-dca0-420f-b3d1-ae2107cf25a1	a42f0b24-4077-485b-89d7-438feec1cc43	f6bab62d-18ff-576d-8175-bcb8c0798d99	3	\N		{"chunkId": "f6bab62d-18ff-576d-8175-bcb8c0798d99"}
55aaf8cc-963b-4d14-a382-3b0f315253ea	210ea821-dc3c-42b2-b26b-6b66ffe24bf5	a271d006-82e3-5755-9160-e557f64ed81f	1	\N		{"chunkId": "a271d006-82e3-5755-9160-e557f64ed81f"}
041f9fe7-42d1-4777-8f0d-e714b7e9ff36	210ea821-dc3c-42b2-b26b-6b66ffe24bf5	6278bc80-067b-5e1d-918b-83107831c834	2	\N		{"chunkId": "6278bc80-067b-5e1d-918b-83107831c834"}
a0dc7cb8-5959-44cd-904c-32193f93ffed	210ea821-dc3c-42b2-b26b-6b66ffe24bf5	f6bab62d-18ff-576d-8175-bcb8c0798d99	3	\N		{"chunkId": "f6bab62d-18ff-576d-8175-bcb8c0798d99"}
1f102fe2-2efe-424a-be93-9987056954ff	d3b62489-0410-4446-bb1b-64d75f12f28f	6278bc80-067b-5e1d-918b-83107831c834	1	\N		{"chunkId": "6278bc80-067b-5e1d-918b-83107831c834"}
841a0e95-9e99-4044-ab06-17806ffbd481	d3b62489-0410-4446-bb1b-64d75f12f28f	0ae61050-956e-5b49-98ad-ba5944afb05b	2	\N		{"chunkId": "0ae61050-956e-5b49-98ad-ba5944afb05b"}
49e08b25-32e1-4179-b3b1-4096e07ca268	d3b62489-0410-4446-bb1b-64d75f12f28f	f6bab62d-18ff-576d-8175-bcb8c0798d99	3	\N		{"chunkId": "f6bab62d-18ff-576d-8175-bcb8c0798d99"}
93835aa6-6f67-4c30-a92d-a38e045fe02d	c79fcbae-cae0-4af8-ae1e-b038bcc5b4a8	f6bab62d-18ff-576d-8175-bcb8c0798d99	1	\N		{"chunkId": "f6bab62d-18ff-576d-8175-bcb8c0798d99"}
b0d0e67e-1a89-4192-9989-c755674d86e9	c79fcbae-cae0-4af8-ae1e-b038bcc5b4a8	6278bc80-067b-5e1d-918b-83107831c834	2	\N		{"chunkId": "6278bc80-067b-5e1d-918b-83107831c834"}
ddea17dd-9652-4601-87b7-8a76162914ab	c79fcbae-cae0-4af8-ae1e-b038bcc5b4a8	0ae61050-956e-5b49-98ad-ba5944afb05b	3	\N		{"chunkId": "0ae61050-956e-5b49-98ad-ba5944afb05b"}
e096eb60-1d26-498f-8056-e005da3c3dc8	8860347e-05cb-4900-badc-01c701ff27af	686cdfb9-2d11-522a-bdf9-cd7a746160af	1	\N		{"chunkId": "686cdfb9-2d11-522a-bdf9-cd7a746160af"}
976f6f28-d455-4308-a20c-f62b4dd1f39e	8860347e-05cb-4900-badc-01c701ff27af	0093af61-846c-528e-bd65-394ffeb59c2f	2	\N		{"chunkId": "0093af61-846c-528e-bd65-394ffeb59c2f"}
ae6436c7-fc8e-4770-945b-1d781b3962e8	8860347e-05cb-4900-badc-01c701ff27af	a0febfb2-e183-5069-bc18-3ecbf26b845d	3	\N		{"chunkId": "a0febfb2-e183-5069-bc18-3ecbf26b845d"}
3f22a460-d08d-46ce-a2fb-ab5940d98f32	0e48f549-1c06-43be-bfb4-3532bd4bb20c	a0febfb2-e183-5069-bc18-3ecbf26b845d	1	\N		{"chunkId": "a0febfb2-e183-5069-bc18-3ecbf26b845d"}
fc641df3-5e8d-4c16-aab6-109a33489ac7	0e48f549-1c06-43be-bfb4-3532bd4bb20c	0093af61-846c-528e-bd65-394ffeb59c2f	2	\N		{"chunkId": "0093af61-846c-528e-bd65-394ffeb59c2f"}
a7c47257-b120-44da-b890-78dafc80dba9	0e48f549-1c06-43be-bfb4-3532bd4bb20c	4cf61070-b5d0-5f8e-8b82-1da52dc4b9fc	3	\N		{"chunkId": "4cf61070-b5d0-5f8e-8b82-1da52dc4b9fc"}
f2d54d72-8bec-48b6-a27c-c27b668e7f81	0ff90f81-dde9-4e7e-b258-e138c1992909	4d148a17-327e-5046-8b1c-67990dd2bc50	1	\N		{"chunkId": "4d148a17-327e-5046-8b1c-67990dd2bc50"}
a32d5569-603a-442d-bdef-ceaabf588076	0ff90f81-dde9-4e7e-b258-e138c1992909	0093af61-846c-528e-bd65-394ffeb59c2f	2	\N		{"chunkId": "0093af61-846c-528e-bd65-394ffeb59c2f"}
ffe701d4-9330-4c61-94c1-d78b035750c6	0ff90f81-dde9-4e7e-b258-e138c1992909	a0febfb2-e183-5069-bc18-3ecbf26b845d	3	\N		{"chunkId": "a0febfb2-e183-5069-bc18-3ecbf26b845d"}
9610a93d-1362-4532-a35a-13cf0d68360b	cbb3997b-19f7-4367-84a5-6eedf2a0842c	0093af61-846c-528e-bd65-394ffeb59c2f	1	\N		{"chunkId": "0093af61-846c-528e-bd65-394ffeb59c2f"}
8cb1bf0d-c3c0-498c-9914-a32ae4ab2c15	cbb3997b-19f7-4367-84a5-6eedf2a0842c	a0febfb2-e183-5069-bc18-3ecbf26b845d	2	\N		{"chunkId": "a0febfb2-e183-5069-bc18-3ecbf26b845d"}
ae783e53-242e-440e-bb4e-06580d088e84	cbb3997b-19f7-4367-84a5-6eedf2a0842c	4d148a17-327e-5046-8b1c-67990dd2bc50	3	\N		{"chunkId": "4d148a17-327e-5046-8b1c-67990dd2bc50"}
33134c1a-d859-4883-91ef-90129e6f8be6	83c92049-84c7-4169-ae46-a59d33207c5d	4cf61070-b5d0-5f8e-8b82-1da52dc4b9fc	1	\N		{"chunkId": "4cf61070-b5d0-5f8e-8b82-1da52dc4b9fc"}
8bb5f683-d020-4522-acfb-4e8037ff8c01	83c92049-84c7-4169-ae46-a59d33207c5d	686cdfb9-2d11-522a-bdf9-cd7a746160af	2	\N		{"chunkId": "686cdfb9-2d11-522a-bdf9-cd7a746160af"}
d6bec9b7-c15b-49f0-8b39-3fdbea9793dd	83c92049-84c7-4169-ae46-a59d33207c5d	a0febfb2-e183-5069-bc18-3ecbf26b845d	3	\N		{"chunkId": "a0febfb2-e183-5069-bc18-3ecbf26b845d"}
efac1de1-56d1-4faf-afbe-2e8e2cefb2cb	87d323fd-82f6-4fe6-a9e3-483e135f7fce	02ee320c-eab3-567b-8fc7-36ced01944be	1	\N		{"chunkId": "02ee320c-eab3-567b-8fc7-36ced01944be"}
f16a31c0-dcbf-4edc-b8a2-5bfae9b040a5	87d323fd-82f6-4fe6-a9e3-483e135f7fce	23442b2b-326c-5bc4-8d25-6e02f1cf5f0c	2	\N		{"chunkId": "23442b2b-326c-5bc4-8d25-6e02f1cf5f0c"}
1ec90683-f9d4-4b35-adb6-7601836ed76a	87d323fd-82f6-4fe6-a9e3-483e135f7fce	10fce57f-c5df-55ce-b206-d1918cb64fbb	3	\N		{"chunkId": "10fce57f-c5df-55ce-b206-d1918cb64fbb"}
47aa8ba7-1e06-449f-95fd-2055e26f25a9	acf480e0-a895-4c10-9ab7-c286abaa070b	23442b2b-326c-5bc4-8d25-6e02f1cf5f0c	1	\N		{"chunkId": "23442b2b-326c-5bc4-8d25-6e02f1cf5f0c"}
98de6b64-e2de-4624-9a99-fe6ec06443cd	acf480e0-a895-4c10-9ab7-c286abaa070b	02ee320c-eab3-567b-8fc7-36ced01944be	2	\N		{"chunkId": "02ee320c-eab3-567b-8fc7-36ced01944be"}
f8b9629d-2856-4b67-89e3-5e2e50fe5e38	acf480e0-a895-4c10-9ab7-c286abaa070b	372a9e3a-b309-5bf1-809d-e3c6f9498954	3	\N		{"chunkId": "372a9e3a-b309-5bf1-809d-e3c6f9498954"}
c5be8ba5-b3dd-4ada-99e2-8a9175c151e9	8285441b-097f-40ff-bea1-b9a7f65eec5e	372a9e3a-b309-5bf1-809d-e3c6f9498954	1	\N		{"chunkId": "372a9e3a-b309-5bf1-809d-e3c6f9498954"}
603d2ffd-463d-4366-a2e5-9e8d67299233	8285441b-097f-40ff-bea1-b9a7f65eec5e	23442b2b-326c-5bc4-8d25-6e02f1cf5f0c	2	\N		{"chunkId": "23442b2b-326c-5bc4-8d25-6e02f1cf5f0c"}
02767949-6e4c-47c2-acd9-e569e8972938	8285441b-097f-40ff-bea1-b9a7f65eec5e	02ee320c-eab3-567b-8fc7-36ced01944be	3	\N		{"chunkId": "02ee320c-eab3-567b-8fc7-36ced01944be"}
731ed2b8-5645-4272-97c2-b6682d3daf12	01a24f94-7c8f-4a2f-b6f4-00428a61ba3a	10fce57f-c5df-55ce-b206-d1918cb64fbb	1	\N		{"chunkId": "10fce57f-c5df-55ce-b206-d1918cb64fbb"}
59666731-a493-4b62-b20b-5991eae37d65	01a24f94-7c8f-4a2f-b6f4-00428a61ba3a	195ff815-2931-5008-812d-bc36f8bb2fdf	2	\N		{"chunkId": "195ff815-2931-5008-812d-bc36f8bb2fdf"}
623e151a-d1c1-4645-9d21-080101180fa4	01a24f94-7c8f-4a2f-b6f4-00428a61ba3a	372a9e3a-b309-5bf1-809d-e3c6f9498954	3	\N		{"chunkId": "372a9e3a-b309-5bf1-809d-e3c6f9498954"}
5101f1f2-c018-4c3a-bc2f-7ccafb37f1cc	b8c1cc88-433c-4853-be3f-4ed265f00cdb	0a04e5fd-1d9e-51df-8017-f9e7f470e78d	1	\N		{"chunkId": "0a04e5fd-1d9e-51df-8017-f9e7f470e78d"}
06b191ee-8bf7-42c0-a3e6-7e38cc744e4b	b8c1cc88-433c-4853-be3f-4ed265f00cdb	10fce57f-c5df-55ce-b206-d1918cb64fbb	2	\N		{"chunkId": "10fce57f-c5df-55ce-b206-d1918cb64fbb"}
aa4f1c4e-0dc7-41e0-b0e0-64b2625f7c1e	b8c1cc88-433c-4853-be3f-4ed265f00cdb	edc4734b-3e8b-554a-a6a6-a9b6f38dbb3f	3	\N		{"chunkId": "edc4734b-3e8b-554a-a6a6-a9b6f38dbb3f"}
2b6ff387-6da9-4f2a-98c6-828a7ec162f8	6ff27f7a-a3c8-4f19-a29b-eeef3dedcf2a	fe559863-f68b-5e79-a24d-8c2ed1ff813c	1	\N		{"chunkId": "fe559863-f68b-5e79-a24d-8c2ed1ff813c"}
9d05e48a-8694-40df-99ce-e25872223139	6ff27f7a-a3c8-4f19-a29b-eeef3dedcf2a	90c5d770-0307-5156-bda1-35ac21808d8d	2	\N		{"chunkId": "90c5d770-0307-5156-bda1-35ac21808d8d"}
c2cd1811-87bb-4c3d-88db-06ee53ba3b55	6ff27f7a-a3c8-4f19-a29b-eeef3dedcf2a	f713b14d-22b2-5a73-bf07-631f5d73c9e5	3	\N		{"chunkId": "f713b14d-22b2-5a73-bf07-631f5d73c9e5"}
603b99d7-b86a-4fdc-80f7-efc2b9b487c1	07e37f28-ab72-4af1-8d05-a86cddd3d787	fbb62fa5-7f03-57e2-8cc3-736304d93df6	1	\N		{"chunkId": "fbb62fa5-7f03-57e2-8cc3-736304d93df6"}
faad2044-633a-4cb2-9de3-c5b571dd8cc0	07e37f28-ab72-4af1-8d05-a86cddd3d787	0ae61050-956e-5b49-98ad-ba5944afb05b	2	\N		{"chunkId": "0ae61050-956e-5b49-98ad-ba5944afb05b"}
d16a14ae-7096-4304-918c-f596a08d249d	07e37f28-ab72-4af1-8d05-a86cddd3d787	fe559863-f68b-5e79-a24d-8c2ed1ff813c	3	\N		{"chunkId": "fe559863-f68b-5e79-a24d-8c2ed1ff813c"}
a867c6a8-0360-41cf-8838-6f25fab522af	03ed48de-b1ee-44af-8665-4b0da71f2ff0	90c5d770-0307-5156-bda1-35ac21808d8d	1	\N		{"chunkId": "90c5d770-0307-5156-bda1-35ac21808d8d"}
9ba3b372-907d-4c4e-b0ee-8fa59e5e1c40	03ed48de-b1ee-44af-8665-4b0da71f2ff0	fe559863-f68b-5e79-a24d-8c2ed1ff813c	2	\N		{"chunkId": "fe559863-f68b-5e79-a24d-8c2ed1ff813c"}
63c9c7e8-5f86-429a-aaab-b4a536d01c4e	03ed48de-b1ee-44af-8665-4b0da71f2ff0	fbb62fa5-7f03-57e2-8cc3-736304d93df6	3	\N		{"chunkId": "fbb62fa5-7f03-57e2-8cc3-736304d93df6"}
3b0d9c62-3142-4278-9831-7bc1ab1baff1	a3685787-a197-4c6f-ab95-3ae5e6bbfd3c	195ff815-2931-5008-812d-bc36f8bb2fdf	1	\N		{"chunkId": "195ff815-2931-5008-812d-bc36f8bb2fdf"}
df5d8cad-2914-491f-ac24-87aad5ff14fb	a3685787-a197-4c6f-ab95-3ae5e6bbfd3c	10fce57f-c5df-55ce-b206-d1918cb64fbb	2	\N		{"chunkId": "10fce57f-c5df-55ce-b206-d1918cb64fbb"}
b15e8be4-6731-4028-a007-257c4c78c88b	a3685787-a197-4c6f-ab95-3ae5e6bbfd3c	0ae61050-956e-5b49-98ad-ba5944afb05b	3	\N		{"chunkId": "0ae61050-956e-5b49-98ad-ba5944afb05b"}
3f3770bb-3b5c-476f-9c90-ed0ddd7aa0a7	30dab7b6-f3d8-49a9-ae24-6cb19113e6f2	f713b14d-22b2-5a73-bf07-631f5d73c9e5	1	\N		{"chunkId": "f713b14d-22b2-5a73-bf07-631f5d73c9e5"}
1d9b581f-54fa-4169-8ed7-f88fdecd6d69	30dab7b6-f3d8-49a9-ae24-6cb19113e6f2	fbb62fa5-7f03-57e2-8cc3-736304d93df6	2	\N		{"chunkId": "fbb62fa5-7f03-57e2-8cc3-736304d93df6"}
ecf418ba-7bfe-4e64-bdac-4b750c49769d	30dab7b6-f3d8-49a9-ae24-6cb19113e6f2	90c5d770-0307-5156-bda1-35ac21808d8d	3	\N		{"chunkId": "90c5d770-0307-5156-bda1-35ac21808d8d"}
af3e2be8-8454-459d-8ad2-3e4cedbb808b	d33a7960-2142-4972-9d54-7ce8a9c12457	a271d006-82e3-5755-9160-e557f64ed81f	1	\N		{"chunkId": "a271d006-82e3-5755-9160-e557f64ed81f"}
58476169-f101-4b28-841c-678263ffa661	d33a7960-2142-4972-9d54-7ce8a9c12457	6278bc80-067b-5e1d-918b-83107831c834	2	\N		{"chunkId": "6278bc80-067b-5e1d-918b-83107831c834"}
5b3506c9-ebd7-42d4-a26e-aa1f35eed12e	d33a7960-2142-4972-9d54-7ce8a9c12457	0093af61-846c-528e-bd65-394ffeb59c2f	3	\N		{"chunkId": "0093af61-846c-528e-bd65-394ffeb59c2f"}
e1d32c5d-db84-4152-a7bd-2f24c6b4fc73	2bd64e23-d3a1-4668-8a1a-8032913a747a	0ae61050-956e-5b49-98ad-ba5944afb05b	1	\N		{"chunkId": "0ae61050-956e-5b49-98ad-ba5944afb05b"}
9dcae03e-6c1d-4f16-b7c8-5283f9ff726a	2bd64e23-d3a1-4668-8a1a-8032913a747a	10fce57f-c5df-55ce-b206-d1918cb64fbb	2	\N		{"chunkId": "10fce57f-c5df-55ce-b206-d1918cb64fbb"}
11c6b02d-4a16-4bb8-8096-1c77060d5df7	2bd64e23-d3a1-4668-8a1a-8032913a747a	372a9e3a-b309-5bf1-809d-e3c6f9498954	3	\N		{"chunkId": "372a9e3a-b309-5bf1-809d-e3c6f9498954"}
20a2bf8a-a1d1-45af-aa59-4cc7e20ca3b6	472670e9-e15a-4a08-a0b6-26328d2a1e73	6278bc80-067b-5e1d-918b-83107831c834	1	\N		{"chunkId": "6278bc80-067b-5e1d-918b-83107831c834"}
6e5546a4-e880-4987-850b-7cfa9be00820	472670e9-e15a-4a08-a0b6-26328d2a1e73	f6bab62d-18ff-576d-8175-bcb8c0798d99	2	\N		{"chunkId": "f6bab62d-18ff-576d-8175-bcb8c0798d99"}
4433e563-0807-4a2c-9cd8-1c46c52b5215	472670e9-e15a-4a08-a0b6-26328d2a1e73	edc4734b-3e8b-554a-a6a6-a9b6f38dbb3f	3	\N		{"chunkId": "edc4734b-3e8b-554a-a6a6-a9b6f38dbb3f"}
e3d7e7fb-b9ea-4954-9a3d-15c056cd7ada	16428f19-ea08-4636-ac9f-c0c0e94f06bd	6278bc80-067b-5e1d-918b-83107831c834	1	\N		{"chunkId": "6278bc80-067b-5e1d-918b-83107831c834"}
cc95fbc7-45c1-4e55-8ad8-358176213dab	16428f19-ea08-4636-ac9f-c0c0e94f06bd	0093af61-846c-528e-bd65-394ffeb59c2f	2	\N		{"chunkId": "0093af61-846c-528e-bd65-394ffeb59c2f"}
96663651-9831-4253-ae3a-110553c9993e	16428f19-ea08-4636-ac9f-c0c0e94f06bd	f6bab62d-18ff-576d-8175-bcb8c0798d99	3	\N		{"chunkId": "f6bab62d-18ff-576d-8175-bcb8c0798d99"}
15dcbcaa-bcd0-48f9-8384-9dce75e5d7c8	96d7143b-212f-490f-b78b-b6db75c1934a	f6bab62d-18ff-576d-8175-bcb8c0798d99	1	\N		{"chunkId": "f6bab62d-18ff-576d-8175-bcb8c0798d99"}
022e565c-29b7-4593-b446-a3e82ea4a804	96d7143b-212f-490f-b78b-b6db75c1934a	372a9e3a-b309-5bf1-809d-e3c6f9498954	2	\N		{"chunkId": "372a9e3a-b309-5bf1-809d-e3c6f9498954"}
06c80599-c208-4fc5-93ad-73e5d9b7a9cb	96d7143b-212f-490f-b78b-b6db75c1934a	edc4734b-3e8b-554a-a6a6-a9b6f38dbb3f	3	\N		{"chunkId": "edc4734b-3e8b-554a-a6a6-a9b6f38dbb3f"}
4127dbe3-6d13-412f-b548-692aec54e24a	ce697593-fb0a-4990-af2f-94a41d62fa95	372a9e3a-b309-5bf1-809d-e3c6f9498954	1	\N		{"chunkId": "372a9e3a-b309-5bf1-809d-e3c6f9498954"}
61b616f2-5c24-42f2-81ab-70ff13ae894a	ce697593-fb0a-4990-af2f-94a41d62fa95	a0febfb2-e183-5069-bc18-3ecbf26b845d	2	\N		{"chunkId": "a0febfb2-e183-5069-bc18-3ecbf26b845d"}
06a6e515-05e4-46ac-9cfe-4020f1d7b446	ce697593-fb0a-4990-af2f-94a41d62fa95	02ee320c-eab3-567b-8fc7-36ced01944be	3	\N		{"chunkId": "02ee320c-eab3-567b-8fc7-36ced01944be"}
d8515d52-0bc6-4b1a-b78d-5b6ed259e05b	93ab5d92-6ef4-42c9-af76-29040b9f11b6	a0febfb2-e183-5069-bc18-3ecbf26b845d	1	\N		{"chunkId": "a0febfb2-e183-5069-bc18-3ecbf26b845d"}
49fb4fca-b9dc-4c2f-abc3-62f41ee9b2a6	93ab5d92-6ef4-42c9-af76-29040b9f11b6	0093af61-846c-528e-bd65-394ffeb59c2f	2	\N		{"chunkId": "0093af61-846c-528e-bd65-394ffeb59c2f"}
d7176948-f4d5-47e5-9ff1-b636f55c412f	93ab5d92-6ef4-42c9-af76-29040b9f11b6	372a9e3a-b309-5bf1-809d-e3c6f9498954	3	\N		{"chunkId": "372a9e3a-b309-5bf1-809d-e3c6f9498954"}
98b9d760-f6fb-41d1-ba7a-d59327625c8c	248b5637-00b2-4faf-ab2d-da7ad4f4323d	4d148a17-327e-5046-8b1c-67990dd2bc50	1	\N		{"chunkId": "4d148a17-327e-5046-8b1c-67990dd2bc50"}
2db9bb67-7c9e-4e03-8d24-98b656a07694	248b5637-00b2-4faf-ab2d-da7ad4f4323d	0093af61-846c-528e-bd65-394ffeb59c2f	2	\N		{"chunkId": "0093af61-846c-528e-bd65-394ffeb59c2f"}
9eb878f2-88a2-443c-a9fd-acb7d8394174	248b5637-00b2-4faf-ab2d-da7ad4f4323d	a0febfb2-e183-5069-bc18-3ecbf26b845d	3	\N		{"chunkId": "a0febfb2-e183-5069-bc18-3ecbf26b845d"}
126df8a3-c3f3-4090-8c32-17bd88fbfd05	311f5d57-20ab-4481-90bd-f613d6519753	372a9e3a-b309-5bf1-809d-e3c6f9498954	1	\N		{"chunkId": "372a9e3a-b309-5bf1-809d-e3c6f9498954"}
7838712f-51e7-4957-a744-8adf6a82c761	311f5d57-20ab-4481-90bd-f613d6519753	6278bc80-067b-5e1d-918b-83107831c834	2	\N		{"chunkId": "6278bc80-067b-5e1d-918b-83107831c834"}
cf74a1a7-00bd-42f9-a8d3-def4a634ae54	311f5d57-20ab-4481-90bd-f613d6519753	0093af61-846c-528e-bd65-394ffeb59c2f	3	\N		{"chunkId": "0093af61-846c-528e-bd65-394ffeb59c2f"}
db8d8742-0770-4c60-acd6-73bddfc810f1	1d02da3c-e652-4284-b8b8-80886b7ea8cb	4cf61070-b5d0-5f8e-8b82-1da52dc4b9fc	1	\N		{"chunkId": "4cf61070-b5d0-5f8e-8b82-1da52dc4b9fc"}
a6435f84-1590-4c53-a9c1-e37d34765431	1d02da3c-e652-4284-b8b8-80886b7ea8cb	686cdfb9-2d11-522a-bdf9-cd7a746160af	2	\N		{"chunkId": "686cdfb9-2d11-522a-bdf9-cd7a746160af"}
04e152a9-0ed5-4ee8-9830-942c1f760824	1d02da3c-e652-4284-b8b8-80886b7ea8cb	a0febfb2-e183-5069-bc18-3ecbf26b845d	3	\N		{"chunkId": "a0febfb2-e183-5069-bc18-3ecbf26b845d"}
7f33ad70-cf22-4f77-87d3-ca80a0630bba	bcfcb0ed-6e07-4a12-a20b-055042759dc1	0a04e5fd-1d9e-51df-8017-f9e7f470e78d	1	\N		{"chunkId": "0a04e5fd-1d9e-51df-8017-f9e7f470e78d"}
95839ae2-c5a2-4739-a337-d8ec0e6db084	bcfcb0ed-6e07-4a12-a20b-055042759dc1	372a9e3a-b309-5bf1-809d-e3c6f9498954	2	\N		{"chunkId": "372a9e3a-b309-5bf1-809d-e3c6f9498954"}
382d65a1-0a84-4f58-999c-a8ae382e77e0	bcfcb0ed-6e07-4a12-a20b-055042759dc1	10fce57f-c5df-55ce-b206-d1918cb64fbb	3	\N		{"chunkId": "10fce57f-c5df-55ce-b206-d1918cb64fbb"}
46b8503a-50da-4367-a163-ccc0ae0ebc1c	2bae8309-744a-4088-9772-b5949731d695	10fce57f-c5df-55ce-b206-d1918cb64fbb	1	\N		{"chunkId": "10fce57f-c5df-55ce-b206-d1918cb64fbb"}
97768dad-e151-4395-89ce-d8e9c8de14a8	2bae8309-744a-4088-9772-b5949731d695	23442b2b-326c-5bc4-8d25-6e02f1cf5f0c	2	\N		{"chunkId": "23442b2b-326c-5bc4-8d25-6e02f1cf5f0c"}
bcecccc9-be29-4feb-b95e-9e8feb4dc320	2bae8309-744a-4088-9772-b5949731d695	372a9e3a-b309-5bf1-809d-e3c6f9498954	3	\N		{"chunkId": "372a9e3a-b309-5bf1-809d-e3c6f9498954"}
284951b5-d513-4976-85ab-562d3dfd1c51	46540f5b-8930-4bcf-94e9-d807300cc6bf	23442b2b-326c-5bc4-8d25-6e02f1cf5f0c	1	\N		{"chunkId": "23442b2b-326c-5bc4-8d25-6e02f1cf5f0c"}
54048224-3a0f-4322-b1eb-fad152aaa5b8	46540f5b-8930-4bcf-94e9-d807300cc6bf	372a9e3a-b309-5bf1-809d-e3c6f9498954	2	\N		{"chunkId": "372a9e3a-b309-5bf1-809d-e3c6f9498954"}
2c71467b-c096-4f74-8a6b-c236a4800d81	46540f5b-8930-4bcf-94e9-d807300cc6bf	0a04e5fd-1d9e-51df-8017-f9e7f470e78d	3	\N		{"chunkId": "0a04e5fd-1d9e-51df-8017-f9e7f470e78d"}
b7f9beb0-a946-4399-b165-d50bea2df14c	3cc0a61a-7fa5-4fd1-a880-11a609eedd27	10fce57f-c5df-55ce-b206-d1918cb64fbb	1	\N		{"chunkId": "10fce57f-c5df-55ce-b206-d1918cb64fbb"}
2f5d4bfe-dbc1-4b94-916c-cc0c0eeeed0a	3cc0a61a-7fa5-4fd1-a880-11a609eedd27	372a9e3a-b309-5bf1-809d-e3c6f9498954	2	\N		{"chunkId": "372a9e3a-b309-5bf1-809d-e3c6f9498954"}
bd707290-e28e-4e9a-8ada-2227aff1b56c	3cc0a61a-7fa5-4fd1-a880-11a609eedd27	02ee320c-eab3-567b-8fc7-36ced01944be	3	\N		{"chunkId": "02ee320c-eab3-567b-8fc7-36ced01944be"}
164b2d02-7abe-4d04-a259-504ad66d3040	220d714f-cec0-46f9-9427-78a2a4438102	10fce57f-c5df-55ce-b206-d1918cb64fbb	1	\N		{"chunkId": "10fce57f-c5df-55ce-b206-d1918cb64fbb"}
2f0dfe92-b782-4772-90ef-15e47d6d17e7	220d714f-cec0-46f9-9427-78a2a4438102	195ff815-2931-5008-812d-bc36f8bb2fdf	2	\N		{"chunkId": "195ff815-2931-5008-812d-bc36f8bb2fdf"}
6c24df85-183c-4953-8a71-3d44d805b0d9	220d714f-cec0-46f9-9427-78a2a4438102	0a04e5fd-1d9e-51df-8017-f9e7f470e78d	3	\N		{"chunkId": "0a04e5fd-1d9e-51df-8017-f9e7f470e78d"}
be6463dc-e94a-4f07-8d55-dde9614f6875	654089fb-47b4-4036-b5ad-e8eaa43ee439	23442b2b-326c-5bc4-8d25-6e02f1cf5f0c	1	\N		{"chunkId": "23442b2b-326c-5bc4-8d25-6e02f1cf5f0c"}
52fb55fe-0848-4bd5-a2d9-9adc750541e5	654089fb-47b4-4036-b5ad-e8eaa43ee439	10fce57f-c5df-55ce-b206-d1918cb64fbb	2	\N		{"chunkId": "10fce57f-c5df-55ce-b206-d1918cb64fbb"}
03ac9035-1b98-4d9d-b8ce-28d97b506b91	654089fb-47b4-4036-b5ad-e8eaa43ee439	372a9e3a-b309-5bf1-809d-e3c6f9498954	3	\N		{"chunkId": "372a9e3a-b309-5bf1-809d-e3c6f9498954"}
ca4129ea-56cc-4ed1-a181-40f0277beb2a	45bade3b-a715-4790-a19b-5c7f067fc3f9	372a9e3a-b309-5bf1-809d-e3c6f9498954	1	\N		{"chunkId": "372a9e3a-b309-5bf1-809d-e3c6f9498954"}
fc4239ed-3afb-41ec-b463-8790eb2bfe3a	45bade3b-a715-4790-a19b-5c7f067fc3f9	02ee320c-eab3-567b-8fc7-36ced01944be	2	\N		{"chunkId": "02ee320c-eab3-567b-8fc7-36ced01944be"}
d43f6574-7a9d-4363-b189-3859c067e869	45bade3b-a715-4790-a19b-5c7f067fc3f9	23442b2b-326c-5bc4-8d25-6e02f1cf5f0c	3	\N		{"chunkId": "23442b2b-326c-5bc4-8d25-6e02f1cf5f0c"}
5f9df5c1-4c6e-4d1c-974a-ed65f51312b2	e13692c8-497a-42a4-8c3d-4a52539e11af	10fce57f-c5df-55ce-b206-d1918cb64fbb	1	\N		{"chunkId": "10fce57f-c5df-55ce-b206-d1918cb64fbb"}
4a35cf17-1a90-4a59-8247-a6edfef7c23d	e13692c8-497a-42a4-8c3d-4a52539e11af	4d148a17-327e-5046-8b1c-67990dd2bc50	2	\N		{"chunkId": "4d148a17-327e-5046-8b1c-67990dd2bc50"}
ac53882c-bae2-4e37-a523-b62ca2486f8a	e13692c8-497a-42a4-8c3d-4a52539e11af	f713b14d-22b2-5a73-bf07-631f5d73c9e5	3	\N		{"chunkId": "f713b14d-22b2-5a73-bf07-631f5d73c9e5"}
2252087d-c50a-4789-b061-041986ec76e0	0c700066-40dd-4735-bedd-84485c3d8624	0a04e5fd-1d9e-51df-8017-f9e7f470e78d	1	\N		{"chunkId": "0a04e5fd-1d9e-51df-8017-f9e7f470e78d"}
3cfb3f77-134f-4f81-b814-c9a5a1d5ec00	0c700066-40dd-4735-bedd-84485c3d8624	10fce57f-c5df-55ce-b206-d1918cb64fbb	2	\N		{"chunkId": "10fce57f-c5df-55ce-b206-d1918cb64fbb"}
cfc4c85c-f930-4394-ad83-f0294d66d6cd	0c700066-40dd-4735-bedd-84485c3d8624	edc4734b-3e8b-554a-a6a6-a9b6f38dbb3f	3	\N		{"chunkId": "edc4734b-3e8b-554a-a6a6-a9b6f38dbb3f"}
bbaa45c0-a943-4cf5-90ad-0a6fa98044fb	d0c6fdc5-2953-42a6-bea4-6efeba5d97b6	23442b2b-326c-5bc4-8d25-6e02f1cf5f0c	1	\N		{"chunkId": "23442b2b-326c-5bc4-8d25-6e02f1cf5f0c"}
c5510565-a7d9-4249-a906-189f451e08bc	d0c6fdc5-2953-42a6-bea4-6efeba5d97b6	10fce57f-c5df-55ce-b206-d1918cb64fbb	2	\N		{"chunkId": "10fce57f-c5df-55ce-b206-d1918cb64fbb"}
0152a9d5-08ac-47cf-9126-723d1f63c4f7	d0c6fdc5-2953-42a6-bea4-6efeba5d97b6	372a9e3a-b309-5bf1-809d-e3c6f9498954	3	\N		{"chunkId": "372a9e3a-b309-5bf1-809d-e3c6f9498954"}
7308f83b-3a82-4169-ac2b-012e36c6d6a0	fead4093-3e2d-4d02-bc24-580123e91acd	372a9e3a-b309-5bf1-809d-e3c6f9498954	1	\N		{"chunkId": "372a9e3a-b309-5bf1-809d-e3c6f9498954"}
4750f7af-b965-4b88-a889-2063983fc97a	fead4093-3e2d-4d02-bc24-580123e91acd	02ee320c-eab3-567b-8fc7-36ced01944be	2	\N		{"chunkId": "02ee320c-eab3-567b-8fc7-36ced01944be"}
8f54a406-3c29-4097-9323-17aca267992a	fead4093-3e2d-4d02-bc24-580123e91acd	23442b2b-326c-5bc4-8d25-6e02f1cf5f0c	3	\N		{"chunkId": "23442b2b-326c-5bc4-8d25-6e02f1cf5f0c"}
2fb9dff4-59a3-4950-ab79-3ecb8b86d616	fe7d321c-fc20-4298-ab92-36d6e7594b35	10fce57f-c5df-55ce-b206-d1918cb64fbb	1	\N		{"chunkId": "10fce57f-c5df-55ce-b206-d1918cb64fbb"}
2e8a3bab-f3d5-4653-856c-fb2f0aa89195	fe7d321c-fc20-4298-ab92-36d6e7594b35	4d148a17-327e-5046-8b1c-67990dd2bc50	2	\N		{"chunkId": "4d148a17-327e-5046-8b1c-67990dd2bc50"}
cae89684-43c6-47a1-961f-384c30c62292	fe7d321c-fc20-4298-ab92-36d6e7594b35	f713b14d-22b2-5a73-bf07-631f5d73c9e5	3	\N		{"chunkId": "f713b14d-22b2-5a73-bf07-631f5d73c9e5"}
a5c48f52-5c83-4b8b-8fde-60f57400394a	b39b0fbc-da31-491c-92d9-c7f0fd3f8e1f	0a04e5fd-1d9e-51df-8017-f9e7f470e78d	1	\N		{"chunkId": "0a04e5fd-1d9e-51df-8017-f9e7f470e78d"}
9b052d4f-7680-4e45-8d3a-5f97f0e37e11	b39b0fbc-da31-491c-92d9-c7f0fd3f8e1f	10fce57f-c5df-55ce-b206-d1918cb64fbb	2	\N		{"chunkId": "10fce57f-c5df-55ce-b206-d1918cb64fbb"}
14ea7dbd-4e6e-4672-bc3f-8c1c5dbdffe3	b39b0fbc-da31-491c-92d9-c7f0fd3f8e1f	edc4734b-3e8b-554a-a6a6-a9b6f38dbb3f	3	\N		{"chunkId": "edc4734b-3e8b-554a-a6a6-a9b6f38dbb3f"}
dd662ddd-e244-4f3c-8a9b-d6fa9f1286d7	46a5b3a2-8297-45b2-86ea-1f52118f1757	fe559863-f68b-5e79-a24d-8c2ed1ff813c	1	\N		{"chunkId": "fe559863-f68b-5e79-a24d-8c2ed1ff813c"}
e9a42deb-6a1d-4f54-ab50-257b88aabc99	46a5b3a2-8297-45b2-86ea-1f52118f1757	fbb62fa5-7f03-57e2-8cc3-736304d93df6	2	\N		{"chunkId": "fbb62fa5-7f03-57e2-8cc3-736304d93df6"}
fdaf8c9a-2f63-45fc-aeed-6f0a637e0b22	46a5b3a2-8297-45b2-86ea-1f52118f1757	f713b14d-22b2-5a73-bf07-631f5d73c9e5	3	\N		{"chunkId": "f713b14d-22b2-5a73-bf07-631f5d73c9e5"}
9b5c7051-99d2-4dc7-9133-f8eb9fd9377a	cb96ab31-eced-47c1-8f1c-c94f3b9a1d9c	fbb62fa5-7f03-57e2-8cc3-736304d93df6	1	\N		{"chunkId": "fbb62fa5-7f03-57e2-8cc3-736304d93df6"}
ef16db0c-d06d-4fb2-9c45-d186e5406644	cb96ab31-eced-47c1-8f1c-c94f3b9a1d9c	90c5d770-0307-5156-bda1-35ac21808d8d	2	\N		{"chunkId": "90c5d770-0307-5156-bda1-35ac21808d8d"}
c181ad7d-d0f4-44c2-ada9-6a6bd7a03ddb	cb96ab31-eced-47c1-8f1c-c94f3b9a1d9c	f713b14d-22b2-5a73-bf07-631f5d73c9e5	3	\N		{"chunkId": "f713b14d-22b2-5a73-bf07-631f5d73c9e5"}
c333ddb8-41d9-4f41-be7f-f13721ed2be9	6d07557a-14e9-4474-88e6-817ba936d5cb	90c5d770-0307-5156-bda1-35ac21808d8d	1	\N		{"chunkId": "90c5d770-0307-5156-bda1-35ac21808d8d"}
373db80f-2fad-45a5-a722-135e62500156	6d07557a-14e9-4474-88e6-817ba936d5cb	fbb62fa5-7f03-57e2-8cc3-736304d93df6	2	\N		{"chunkId": "fbb62fa5-7f03-57e2-8cc3-736304d93df6"}
618e7378-d64c-4eff-bfba-f7686cc5c16f	6d07557a-14e9-4474-88e6-817ba936d5cb	fe559863-f68b-5e79-a24d-8c2ed1ff813c	3	\N		{"chunkId": "fe559863-f68b-5e79-a24d-8c2ed1ff813c"}
f52350be-a00c-4cba-9beb-d4648cdfb889	04ea261d-322c-452e-8041-3cacf6a33e21	195ff815-2931-5008-812d-bc36f8bb2fdf	1	\N		{"chunkId": "195ff815-2931-5008-812d-bc36f8bb2fdf"}
14d64dba-ee42-48cb-b733-b24eab104598	04ea261d-322c-452e-8041-3cacf6a33e21	0ae61050-956e-5b49-98ad-ba5944afb05b	2	\N		{"chunkId": "0ae61050-956e-5b49-98ad-ba5944afb05b"}
d7a97a21-0d35-4e0c-97df-164f312bffc2	04ea261d-322c-452e-8041-3cacf6a33e21	372a9e3a-b309-5bf1-809d-e3c6f9498954	3	\N		{"chunkId": "372a9e3a-b309-5bf1-809d-e3c6f9498954"}
be50e897-61b3-4f75-af98-1dad8d4413b9	81f839c1-029d-4bae-9316-254d6193c49e	0ae61050-956e-5b49-98ad-ba5944afb05b	1	\N		{"chunkId": "0ae61050-956e-5b49-98ad-ba5944afb05b"}
b009ad71-5677-4754-8c5f-bd9790fc7262	81f839c1-029d-4bae-9316-254d6193c49e	f713b14d-22b2-5a73-bf07-631f5d73c9e5	2	\N		{"chunkId": "f713b14d-22b2-5a73-bf07-631f5d73c9e5"}
aa2a67f0-d512-4d32-8d60-79f54d5acfba	81f839c1-029d-4bae-9316-254d6193c49e	a271d006-82e3-5755-9160-e557f64ed81f	3	\N		{"chunkId": "a271d006-82e3-5755-9160-e557f64ed81f"}
18295ebb-af48-429e-8fb9-66a7023f89c1	c1380d9e-bdda-4317-9ad5-2760fe7e72e2	edc4734b-3e8b-554a-a6a6-a9b6f38dbb3f	1	\N		{"chunkId": "edc4734b-3e8b-554a-a6a6-a9b6f38dbb3f"}
29d754ea-4191-4095-afb5-cdf9edb352dc	c1380d9e-bdda-4317-9ad5-2760fe7e72e2	f6bab62d-18ff-576d-8175-bcb8c0798d99	2	\N		{"chunkId": "f6bab62d-18ff-576d-8175-bcb8c0798d99"}
91297ec8-bfe0-4da4-a081-afe3454521b4	c1380d9e-bdda-4317-9ad5-2760fe7e72e2	02ee320c-eab3-567b-8fc7-36ced01944be	3	\N		{"chunkId": "02ee320c-eab3-567b-8fc7-36ced01944be"}
da4ecb65-6e9e-4a16-8222-afcb4069c507	a2e12518-ad6b-4098-9d72-d60b069c69d1	0ae61050-956e-5b49-98ad-ba5944afb05b	1	\N		{"chunkId": "0ae61050-956e-5b49-98ad-ba5944afb05b"}
9fc35f04-6ec8-46d8-a1f2-6c72b40f2b98	a2e12518-ad6b-4098-9d72-d60b069c69d1	f6bab62d-18ff-576d-8175-bcb8c0798d99	2	\N		{"chunkId": "f6bab62d-18ff-576d-8175-bcb8c0798d99"}
99bba785-1a9e-4ca3-a5e6-d6df403bc01f	a2e12518-ad6b-4098-9d72-d60b069c69d1	10fce57f-c5df-55ce-b206-d1918cb64fbb	3	\N		{"chunkId": "10fce57f-c5df-55ce-b206-d1918cb64fbb"}
31f153aa-025c-4dd7-835f-e2c2600398b0	76f056b5-f2f2-48c5-90e5-243d88566b39	a271d006-82e3-5755-9160-e557f64ed81f	1	\N		{"chunkId": "a271d006-82e3-5755-9160-e557f64ed81f"}
b1a73715-87b5-40c4-ac8e-d152eaf1b030	76f056b5-f2f2-48c5-90e5-243d88566b39	f6bab62d-18ff-576d-8175-bcb8c0798d99	2	\N		{"chunkId": "f6bab62d-18ff-576d-8175-bcb8c0798d99"}
207ca2ef-bdc4-4c7f-8931-f400659aa436	76f056b5-f2f2-48c5-90e5-243d88566b39	6278bc80-067b-5e1d-918b-83107831c834	3	\N		{"chunkId": "6278bc80-067b-5e1d-918b-83107831c834"}
f0d23176-cf81-46e3-8d9f-4e4acbed36d8	a9650517-65d0-4d9c-a34a-907247b2d45a	6278bc80-067b-5e1d-918b-83107831c834	1	\N		{"chunkId": "6278bc80-067b-5e1d-918b-83107831c834"}
2a650938-62c0-43e6-b6ac-66f9b1fae3bd	a9650517-65d0-4d9c-a34a-907247b2d45a	0ae61050-956e-5b49-98ad-ba5944afb05b	2	\N		{"chunkId": "0ae61050-956e-5b49-98ad-ba5944afb05b"}
cf91633c-8852-4428-93ba-4cb03084989b	a9650517-65d0-4d9c-a34a-907247b2d45a	0a04e5fd-1d9e-51df-8017-f9e7f470e78d	3	\N		{"chunkId": "0a04e5fd-1d9e-51df-8017-f9e7f470e78d"}
6e372f30-aa00-468f-b010-4ea7d902d629	b4223ec7-c862-4bbe-b97f-0dfd1f2a8414	f6bab62d-18ff-576d-8175-bcb8c0798d99	1	\N		{"chunkId": "f6bab62d-18ff-576d-8175-bcb8c0798d99"}
ecb21329-010c-401c-a647-ff87ff309eb2	b4223ec7-c862-4bbe-b97f-0dfd1f2a8414	0ae61050-956e-5b49-98ad-ba5944afb05b	2	\N		{"chunkId": "0ae61050-956e-5b49-98ad-ba5944afb05b"}
b6ed7133-8ea0-48ba-b07c-cedc719ccedd	b4223ec7-c862-4bbe-b97f-0dfd1f2a8414	a271d006-82e3-5755-9160-e557f64ed81f	3	\N		{"chunkId": "a271d006-82e3-5755-9160-e557f64ed81f"}
3beae82c-f4f6-4f7a-8ef7-6b5f6ff8ac09	8fce4e0a-5e05-41e1-b96a-611be401ca1f	686cdfb9-2d11-522a-bdf9-cd7a746160af	1	\N		{"chunkId": "686cdfb9-2d11-522a-bdf9-cd7a746160af"}
6261aaaf-1308-4cf7-b2c7-83c93fef00ee	8fce4e0a-5e05-41e1-b96a-611be401ca1f	23442b2b-326c-5bc4-8d25-6e02f1cf5f0c	2	\N		{"chunkId": "23442b2b-326c-5bc4-8d25-6e02f1cf5f0c"}
4bbe2a0d-0cd6-47a8-81c7-d9f330adb9c3	8fce4e0a-5e05-41e1-b96a-611be401ca1f	02ee320c-eab3-567b-8fc7-36ced01944be	3	\N		{"chunkId": "02ee320c-eab3-567b-8fc7-36ced01944be"}
b60052bb-7252-40d8-93ec-f7df1761c8b9	56c9a24b-c822-4559-83c9-bc0f3794249f	a0febfb2-e183-5069-bc18-3ecbf26b845d	1	\N		{"chunkId": "a0febfb2-e183-5069-bc18-3ecbf26b845d"}
66f5b1e0-c0f3-4643-9056-395a6217bf47	56c9a24b-c822-4559-83c9-bc0f3794249f	4cf61070-b5d0-5f8e-8b82-1da52dc4b9fc	2	\N		{"chunkId": "4cf61070-b5d0-5f8e-8b82-1da52dc4b9fc"}
49efcf87-9fa5-4a55-8d1c-2a7e618a54ee	56c9a24b-c822-4559-83c9-bc0f3794249f	0ae61050-956e-5b49-98ad-ba5944afb05b	3	\N		{"chunkId": "0ae61050-956e-5b49-98ad-ba5944afb05b"}
fa1a88b1-4264-4bd1-91f5-1715c7ca01e2	24b5b47e-a4f3-47ec-b3c9-9d5e6dd8563d	4d148a17-327e-5046-8b1c-67990dd2bc50	1	\N		{"chunkId": "4d148a17-327e-5046-8b1c-67990dd2bc50"}
ed49d03d-8a16-491b-a502-5501dd677b0d	24b5b47e-a4f3-47ec-b3c9-9d5e6dd8563d	0093af61-846c-528e-bd65-394ffeb59c2f	2	\N		{"chunkId": "0093af61-846c-528e-bd65-394ffeb59c2f"}
1405e83c-e2bf-41aa-82b3-f3332d20d9a4	24b5b47e-a4f3-47ec-b3c9-9d5e6dd8563d	686cdfb9-2d11-522a-bdf9-cd7a746160af	3	\N		{"chunkId": "686cdfb9-2d11-522a-bdf9-cd7a746160af"}
6aed3c4e-14c6-4465-a13e-4f5aa4bcdb31	382cab7b-7787-4626-b12b-7ef8157be6dc	0093af61-846c-528e-bd65-394ffeb59c2f	1	\N		{"chunkId": "0093af61-846c-528e-bd65-394ffeb59c2f"}
514b0f79-9c75-4e85-8d42-6e4c9e4fc866	382cab7b-7787-4626-b12b-7ef8157be6dc	4cf61070-b5d0-5f8e-8b82-1da52dc4b9fc	2	\N		{"chunkId": "4cf61070-b5d0-5f8e-8b82-1da52dc4b9fc"}
c4ca07b4-d32f-4ecc-996e-0889998437f9	382cab7b-7787-4626-b12b-7ef8157be6dc	f6bab62d-18ff-576d-8175-bcb8c0798d99	3	\N		{"chunkId": "f6bab62d-18ff-576d-8175-bcb8c0798d99"}
95667880-813d-4b47-ba84-697ad25c0cd9	ffd0b92e-7d54-4df3-8547-41d7fdf08f90	4cf61070-b5d0-5f8e-8b82-1da52dc4b9fc	1	\N		{"chunkId": "4cf61070-b5d0-5f8e-8b82-1da52dc4b9fc"}
2d65f059-655b-4158-8442-09531d2f81d4	ffd0b92e-7d54-4df3-8547-41d7fdf08f90	0a04e5fd-1d9e-51df-8017-f9e7f470e78d	2	\N		{"chunkId": "0a04e5fd-1d9e-51df-8017-f9e7f470e78d"}
9f379200-45ba-4a47-9595-861d5ffcfd9c	ffd0b92e-7d54-4df3-8547-41d7fdf08f90	0ae61050-956e-5b49-98ad-ba5944afb05b	3	\N		{"chunkId": "0ae61050-956e-5b49-98ad-ba5944afb05b"}
4908709b-3fbb-4d62-8d3d-2e6266a0067c	e72ebc73-e1c7-44f8-b0ac-7a6666867446	10fce57f-c5df-55ce-b206-d1918cb64fbb	1	\N		{"chunkId": "10fce57f-c5df-55ce-b206-d1918cb64fbb"}
da1cac2e-b20b-4e24-812e-e301849d5040	e72ebc73-e1c7-44f8-b0ac-7a6666867446	23442b2b-326c-5bc4-8d25-6e02f1cf5f0c	2	\N		{"chunkId": "23442b2b-326c-5bc4-8d25-6e02f1cf5f0c"}
8ccb7451-504a-46b4-ba97-6988fac11311	e72ebc73-e1c7-44f8-b0ac-7a6666867446	372a9e3a-b309-5bf1-809d-e3c6f9498954	3	\N		{"chunkId": "372a9e3a-b309-5bf1-809d-e3c6f9498954"}
d2eb5767-0efa-4222-9b05-337870249518	9deb0f43-86c0-4b6e-bb7a-79d61b7a76bf	23442b2b-326c-5bc4-8d25-6e02f1cf5f0c	1	\N		{"chunkId": "23442b2b-326c-5bc4-8d25-6e02f1cf5f0c"}
ae52798f-6a05-4f50-be04-400e77e4eab3	9deb0f43-86c0-4b6e-bb7a-79d61b7a76bf	10fce57f-c5df-55ce-b206-d1918cb64fbb	2	\N		{"chunkId": "10fce57f-c5df-55ce-b206-d1918cb64fbb"}
60a5f4c4-5421-4ec7-9d84-df3849875291	9deb0f43-86c0-4b6e-bb7a-79d61b7a76bf	372a9e3a-b309-5bf1-809d-e3c6f9498954	3	\N		{"chunkId": "372a9e3a-b309-5bf1-809d-e3c6f9498954"}
15c1c54c-47ed-4da1-914d-a236a6d8d8ab	690db227-641c-4c32-9500-1430bf61c49e	372a9e3a-b309-5bf1-809d-e3c6f9498954	1	\N		{"chunkId": "372a9e3a-b309-5bf1-809d-e3c6f9498954"}
dc7ea22d-42a8-43ff-904b-8b388f6af4b4	690db227-641c-4c32-9500-1430bf61c49e	23442b2b-326c-5bc4-8d25-6e02f1cf5f0c	2	\N		{"chunkId": "23442b2b-326c-5bc4-8d25-6e02f1cf5f0c"}
46074db3-b7b8-4041-8051-a35cc8cb874f	690db227-641c-4c32-9500-1430bf61c49e	02ee320c-eab3-567b-8fc7-36ced01944be	3	\N		{"chunkId": "02ee320c-eab3-567b-8fc7-36ced01944be"}
35b71f8b-1744-4e1f-a611-547f3e65c287	909b8d4d-bf43-457a-982c-91028f643d74	10fce57f-c5df-55ce-b206-d1918cb64fbb	1	\N		{"chunkId": "10fce57f-c5df-55ce-b206-d1918cb64fbb"}
a89144d7-ef78-4cf2-b79c-5ac839d7eaef	909b8d4d-bf43-457a-982c-91028f643d74	0ae61050-956e-5b49-98ad-ba5944afb05b	2	\N		{"chunkId": "0ae61050-956e-5b49-98ad-ba5944afb05b"}
fda1895d-6141-4e3b-be20-6a847dea03d5	909b8d4d-bf43-457a-982c-91028f643d74	a271d006-82e3-5755-9160-e557f64ed81f	3	\N		{"chunkId": "a271d006-82e3-5755-9160-e557f64ed81f"}
e19a2940-ba06-441c-b113-7d2eca4003d2	2e122f0c-63b6-4ecf-9ba1-50c0ce45fdbf	0a04e5fd-1d9e-51df-8017-f9e7f470e78d	1	\N		{"chunkId": "0a04e5fd-1d9e-51df-8017-f9e7f470e78d"}
6d2bfb73-cafc-4801-af41-c56192b709fe	2e122f0c-63b6-4ecf-9ba1-50c0ce45fdbf	372a9e3a-b309-5bf1-809d-e3c6f9498954	2	\N		{"chunkId": "372a9e3a-b309-5bf1-809d-e3c6f9498954"}
19c6291e-dec8-456d-82ee-1714d88b9500	2e122f0c-63b6-4ecf-9ba1-50c0ce45fdbf	0ae61050-956e-5b49-98ad-ba5944afb05b	3	\N		{"chunkId": "0ae61050-956e-5b49-98ad-ba5944afb05b"}
55b61e41-c13c-47c3-ba1a-7c6b83ea389d	e8d517c8-fbb9-4e77-873b-4b736b1a1ef6	fe559863-f68b-5e79-a24d-8c2ed1ff813c	1	\N		{"chunkId": "fe559863-f68b-5e79-a24d-8c2ed1ff813c"}
c783dbfe-f4a0-4ac4-ad62-6b441684cdc5	e8d517c8-fbb9-4e77-873b-4b736b1a1ef6	fbb62fa5-7f03-57e2-8cc3-736304d93df6	2	\N		{"chunkId": "fbb62fa5-7f03-57e2-8cc3-736304d93df6"}
c6b0448e-5ecc-4466-b74d-f0aa01f7f107	e8d517c8-fbb9-4e77-873b-4b736b1a1ef6	f713b14d-22b2-5a73-bf07-631f5d73c9e5	3	\N		{"chunkId": "f713b14d-22b2-5a73-bf07-631f5d73c9e5"}
23795782-5a54-4b59-bfb9-0e9f1cbb9011	b8c6b998-6db4-4a81-b245-00549e48ecd6	fbb62fa5-7f03-57e2-8cc3-736304d93df6	1	\N		{"chunkId": "fbb62fa5-7f03-57e2-8cc3-736304d93df6"}
a600cb19-96de-4300-bfdb-1d3be524389b	b8c6b998-6db4-4a81-b245-00549e48ecd6	90c5d770-0307-5156-bda1-35ac21808d8d	2	\N		{"chunkId": "90c5d770-0307-5156-bda1-35ac21808d8d"}
de04217f-160e-4ae4-8a3d-968108abc8ab	b8c6b998-6db4-4a81-b245-00549e48ecd6	f713b14d-22b2-5a73-bf07-631f5d73c9e5	3	\N		{"chunkId": "f713b14d-22b2-5a73-bf07-631f5d73c9e5"}
c8e23a5d-d5e3-4722-9a91-279285e889bc	c0aa37fb-b1e3-41dd-849e-57d5d09cccbb	90c5d770-0307-5156-bda1-35ac21808d8d	1	\N		{"chunkId": "90c5d770-0307-5156-bda1-35ac21808d8d"}
d989637f-9931-48cf-96b8-fbef3cd69b45	c0aa37fb-b1e3-41dd-849e-57d5d09cccbb	fbb62fa5-7f03-57e2-8cc3-736304d93df6	2	\N		{"chunkId": "fbb62fa5-7f03-57e2-8cc3-736304d93df6"}
2ef56065-f09d-47ec-b0ba-5b57280e1304	c0aa37fb-b1e3-41dd-849e-57d5d09cccbb	fe559863-f68b-5e79-a24d-8c2ed1ff813c	3	\N		{"chunkId": "fe559863-f68b-5e79-a24d-8c2ed1ff813c"}
c040b7bd-71af-47cb-9506-a200bb1ddc66	e53e1d96-b10d-4128-bf02-3577fd6958dd	195ff815-2931-5008-812d-bc36f8bb2fdf	1	\N		{"chunkId": "195ff815-2931-5008-812d-bc36f8bb2fdf"}
ebf7492a-1e55-49c9-9790-f93c7aaf41d7	e53e1d96-b10d-4128-bf02-3577fd6958dd	0ae61050-956e-5b49-98ad-ba5944afb05b	2	\N		{"chunkId": "0ae61050-956e-5b49-98ad-ba5944afb05b"}
55cf0e1f-0d5a-4d96-bf31-7e4d432b8c2f	e53e1d96-b10d-4128-bf02-3577fd6958dd	372a9e3a-b309-5bf1-809d-e3c6f9498954	3	\N		{"chunkId": "372a9e3a-b309-5bf1-809d-e3c6f9498954"}
3783d558-0b70-4947-b1ef-6bf1c50e630a	c2491278-a0a2-4ba5-b981-b1884545c4c5	0ae61050-956e-5b49-98ad-ba5944afb05b	1	\N		{"chunkId": "0ae61050-956e-5b49-98ad-ba5944afb05b"}
d84dee2e-c3c4-4db6-96a7-3d4225944e86	c2491278-a0a2-4ba5-b981-b1884545c4c5	f713b14d-22b2-5a73-bf07-631f5d73c9e5	2	\N		{"chunkId": "f713b14d-22b2-5a73-bf07-631f5d73c9e5"}
4be9caa4-1dfa-45ef-ae1b-22bf45e0c7d8	c2491278-a0a2-4ba5-b981-b1884545c4c5	a271d006-82e3-5755-9160-e557f64ed81f	3	\N		{"chunkId": "a271d006-82e3-5755-9160-e557f64ed81f"}
2e1f22f1-f55e-4476-850e-fff26c473df8	8c187748-1313-4372-8925-4d965d2b7132	edc4734b-3e8b-554a-a6a6-a9b6f38dbb3f	1	\N		{"chunkId": "edc4734b-3e8b-554a-a6a6-a9b6f38dbb3f"}
89429204-060a-44d1-9351-5aa92f2a287e	8c187748-1313-4372-8925-4d965d2b7132	f6bab62d-18ff-576d-8175-bcb8c0798d99	2	\N		{"chunkId": "f6bab62d-18ff-576d-8175-bcb8c0798d99"}
1cb16af2-7195-464d-8242-7e616f5ad152	8c187748-1313-4372-8925-4d965d2b7132	02ee320c-eab3-567b-8fc7-36ced01944be	3	\N		{"chunkId": "02ee320c-eab3-567b-8fc7-36ced01944be"}
8721bb10-ba92-4501-b772-f8606222e634	d2a0af1c-ba46-4417-af7d-564f4abfe7b4	0ae61050-956e-5b49-98ad-ba5944afb05b	1	\N		{"chunkId": "0ae61050-956e-5b49-98ad-ba5944afb05b"}
d22b94d7-0ba5-4723-9d7b-01f1cae69789	d2a0af1c-ba46-4417-af7d-564f4abfe7b4	f6bab62d-18ff-576d-8175-bcb8c0798d99	2	\N		{"chunkId": "f6bab62d-18ff-576d-8175-bcb8c0798d99"}
b84011e9-acaf-45e0-91a1-2ff1544077d6	d2a0af1c-ba46-4417-af7d-564f4abfe7b4	10fce57f-c5df-55ce-b206-d1918cb64fbb	3	\N		{"chunkId": "10fce57f-c5df-55ce-b206-d1918cb64fbb"}
e965f5ae-4431-4a32-a8b7-8fdfce754f64	967fe1fe-d68b-4c5f-9c50-7bf3050f7773	a271d006-82e3-5755-9160-e557f64ed81f	1	\N		{"chunkId": "a271d006-82e3-5755-9160-e557f64ed81f"}
13daf905-668d-4f17-9cce-fb5107acc4f8	967fe1fe-d68b-4c5f-9c50-7bf3050f7773	f6bab62d-18ff-576d-8175-bcb8c0798d99	2	\N		{"chunkId": "f6bab62d-18ff-576d-8175-bcb8c0798d99"}
769db2ed-b3a4-47dd-9759-febf5cb9a9e9	967fe1fe-d68b-4c5f-9c50-7bf3050f7773	6278bc80-067b-5e1d-918b-83107831c834	3	\N		{"chunkId": "6278bc80-067b-5e1d-918b-83107831c834"}
987e8c29-2e2e-4943-a678-f1a90ec8ed4f	ce023f8c-7b89-4814-b2cd-9c4d1af2e4f6	6278bc80-067b-5e1d-918b-83107831c834	1	\N		{"chunkId": "6278bc80-067b-5e1d-918b-83107831c834"}
e085609b-d410-4af5-8cc5-cb45c1fa0949	ce023f8c-7b89-4814-b2cd-9c4d1af2e4f6	0ae61050-956e-5b49-98ad-ba5944afb05b	2	\N		{"chunkId": "0ae61050-956e-5b49-98ad-ba5944afb05b"}
22da6326-23eb-4213-a2bb-5e1b381d8820	ce023f8c-7b89-4814-b2cd-9c4d1af2e4f6	0a04e5fd-1d9e-51df-8017-f9e7f470e78d	3	\N		{"chunkId": "0a04e5fd-1d9e-51df-8017-f9e7f470e78d"}
6eee81e4-8c6b-4529-9d15-45e65c5bc58b	8129b10e-58b1-494d-80e0-9944c80102ef	f6bab62d-18ff-576d-8175-bcb8c0798d99	1	\N		{"chunkId": "f6bab62d-18ff-576d-8175-bcb8c0798d99"}
ffce9421-58d3-4ec3-a18a-2c3f9ddb2b19	8129b10e-58b1-494d-80e0-9944c80102ef	0ae61050-956e-5b49-98ad-ba5944afb05b	2	\N		{"chunkId": "0ae61050-956e-5b49-98ad-ba5944afb05b"}
34a305df-812e-4188-97f2-25e80d76af3e	8129b10e-58b1-494d-80e0-9944c80102ef	a271d006-82e3-5755-9160-e557f64ed81f	3	\N		{"chunkId": "a271d006-82e3-5755-9160-e557f64ed81f"}
8afb5cf1-80b6-4b79-af4a-62cf421c1b89	924a8fa6-03e1-4f1f-b38a-a5b30914e8d9	686cdfb9-2d11-522a-bdf9-cd7a746160af	1	\N		{"chunkId": "686cdfb9-2d11-522a-bdf9-cd7a746160af"}
9b26f73b-ddb2-4042-b009-d8008b3391cf	924a8fa6-03e1-4f1f-b38a-a5b30914e8d9	23442b2b-326c-5bc4-8d25-6e02f1cf5f0c	2	\N		{"chunkId": "23442b2b-326c-5bc4-8d25-6e02f1cf5f0c"}
b1627027-7140-4daa-a039-a1d09e0ff18f	924a8fa6-03e1-4f1f-b38a-a5b30914e8d9	02ee320c-eab3-567b-8fc7-36ced01944be	3	\N		{"chunkId": "02ee320c-eab3-567b-8fc7-36ced01944be"}
d0af99dd-fd54-493b-a829-879d211c7382	d4d219ed-742c-4888-9128-0dc9af1f13e1	a0febfb2-e183-5069-bc18-3ecbf26b845d	1	\N		{"chunkId": "a0febfb2-e183-5069-bc18-3ecbf26b845d"}
1eb52921-d5a5-4973-bcad-f7854db48bc9	d4d219ed-742c-4888-9128-0dc9af1f13e1	4cf61070-b5d0-5f8e-8b82-1da52dc4b9fc	2	\N		{"chunkId": "4cf61070-b5d0-5f8e-8b82-1da52dc4b9fc"}
0aa76ba6-5169-4e6f-aa55-88713d262fa1	d4d219ed-742c-4888-9128-0dc9af1f13e1	0ae61050-956e-5b49-98ad-ba5944afb05b	3	\N		{"chunkId": "0ae61050-956e-5b49-98ad-ba5944afb05b"}
7b5ad9d4-d2f2-432f-aa3c-d85ad8131b8c	94a2e7f3-15e7-44b7-8876-a487a321d951	4d148a17-327e-5046-8b1c-67990dd2bc50	1	\N		{"chunkId": "4d148a17-327e-5046-8b1c-67990dd2bc50"}
744729e0-d721-4fca-bc02-5fb791445aab	94a2e7f3-15e7-44b7-8876-a487a321d951	0093af61-846c-528e-bd65-394ffeb59c2f	2	\N		{"chunkId": "0093af61-846c-528e-bd65-394ffeb59c2f"}
96f1fc11-277f-4c93-a9a3-ee2eec9cd14c	94a2e7f3-15e7-44b7-8876-a487a321d951	686cdfb9-2d11-522a-bdf9-cd7a746160af	3	\N		{"chunkId": "686cdfb9-2d11-522a-bdf9-cd7a746160af"}
133f7eb1-1287-4dd5-a416-47d65f7a1591	0652a05d-c8b8-4f8f-83b2-74ac89e13352	0093af61-846c-528e-bd65-394ffeb59c2f	1	\N		{"chunkId": "0093af61-846c-528e-bd65-394ffeb59c2f"}
d391d1d4-0d34-4ed7-850e-0da314c01506	0652a05d-c8b8-4f8f-83b2-74ac89e13352	4cf61070-b5d0-5f8e-8b82-1da52dc4b9fc	2	\N		{"chunkId": "4cf61070-b5d0-5f8e-8b82-1da52dc4b9fc"}
7dc31417-6045-4e3a-9286-fec525b72b20	0652a05d-c8b8-4f8f-83b2-74ac89e13352	f6bab62d-18ff-576d-8175-bcb8c0798d99	3	\N		{"chunkId": "f6bab62d-18ff-576d-8175-bcb8c0798d99"}
dee87268-379d-4b5d-956c-f4c6d712f4b6	efa20a04-82ef-4fe5-9653-5d78d077bb4b	4cf61070-b5d0-5f8e-8b82-1da52dc4b9fc	1	\N		{"chunkId": "4cf61070-b5d0-5f8e-8b82-1da52dc4b9fc"}
6ab598e0-eb5c-4cee-b612-4486cb1289fc	efa20a04-82ef-4fe5-9653-5d78d077bb4b	0a04e5fd-1d9e-51df-8017-f9e7f470e78d	2	\N		{"chunkId": "0a04e5fd-1d9e-51df-8017-f9e7f470e78d"}
8b3f5d59-00cd-437f-af5e-af528bfa125e	efa20a04-82ef-4fe5-9653-5d78d077bb4b	0ae61050-956e-5b49-98ad-ba5944afb05b	3	\N		{"chunkId": "0ae61050-956e-5b49-98ad-ba5944afb05b"}
db2a0419-0d61-4f59-90a7-45d256043ed1	b9bb292f-36dd-4e4c-8940-a8b142af9ab8	10fce57f-c5df-55ce-b206-d1918cb64fbb	1	\N		{"chunkId": "10fce57f-c5df-55ce-b206-d1918cb64fbb"}
f7e576ac-5129-4430-8143-66738c99444e	b9bb292f-36dd-4e4c-8940-a8b142af9ab8	23442b2b-326c-5bc4-8d25-6e02f1cf5f0c	2	\N		{"chunkId": "23442b2b-326c-5bc4-8d25-6e02f1cf5f0c"}
f56923ed-3eac-4802-b58d-882ad690069c	b9bb292f-36dd-4e4c-8940-a8b142af9ab8	372a9e3a-b309-5bf1-809d-e3c6f9498954	3	\N		{"chunkId": "372a9e3a-b309-5bf1-809d-e3c6f9498954"}
b4bbfcf7-2c8a-4100-b63f-11e41b44a6af	b5b02f27-9f02-41c0-891e-1dd8c519fc15	23442b2b-326c-5bc4-8d25-6e02f1cf5f0c	1	\N		{"chunkId": "23442b2b-326c-5bc4-8d25-6e02f1cf5f0c"}
d976ec01-1898-4fda-ba62-7e8c49da24ed	b5b02f27-9f02-41c0-891e-1dd8c519fc15	10fce57f-c5df-55ce-b206-d1918cb64fbb	2	\N		{"chunkId": "10fce57f-c5df-55ce-b206-d1918cb64fbb"}
5c5dcd3b-b0c4-4477-854f-a3fd365b2ec2	b5b02f27-9f02-41c0-891e-1dd8c519fc15	372a9e3a-b309-5bf1-809d-e3c6f9498954	3	\N		{"chunkId": "372a9e3a-b309-5bf1-809d-e3c6f9498954"}
fb012ac9-15d3-4a8c-bdce-5b79145ed1ab	94cf5f36-1d6e-4b34-9fa9-3214c7ac1c8a	372a9e3a-b309-5bf1-809d-e3c6f9498954	1	\N		{"chunkId": "372a9e3a-b309-5bf1-809d-e3c6f9498954"}
1373b4f7-9f9a-46a4-9d53-48b1c7b11549	94cf5f36-1d6e-4b34-9fa9-3214c7ac1c8a	23442b2b-326c-5bc4-8d25-6e02f1cf5f0c	2	\N		{"chunkId": "23442b2b-326c-5bc4-8d25-6e02f1cf5f0c"}
652978fe-d301-4e0a-9cd2-b47f45e6ddde	94cf5f36-1d6e-4b34-9fa9-3214c7ac1c8a	02ee320c-eab3-567b-8fc7-36ced01944be	3	\N		{"chunkId": "02ee320c-eab3-567b-8fc7-36ced01944be"}
4ad1c3b7-f6bb-4e62-9363-1a5d6528bf07	1b1a7ca4-4880-4036-8f2a-5bc5df45de30	10fce57f-c5df-55ce-b206-d1918cb64fbb	1	\N		{"chunkId": "10fce57f-c5df-55ce-b206-d1918cb64fbb"}
d61ca009-cf4c-4503-a6cc-aba6bb5d9cf6	1b1a7ca4-4880-4036-8f2a-5bc5df45de30	0ae61050-956e-5b49-98ad-ba5944afb05b	2	\N		{"chunkId": "0ae61050-956e-5b49-98ad-ba5944afb05b"}
fdadd199-9a15-4f87-b719-3c05b9c14e9b	1b1a7ca4-4880-4036-8f2a-5bc5df45de30	a271d006-82e3-5755-9160-e557f64ed81f	3	\N		{"chunkId": "a271d006-82e3-5755-9160-e557f64ed81f"}
106582c5-b77c-4bb5-9a1e-8ee6735cc0d7	de2203a6-0768-43aa-a2b1-9fe5839e9a13	0a04e5fd-1d9e-51df-8017-f9e7f470e78d	1	\N		{"chunkId": "0a04e5fd-1d9e-51df-8017-f9e7f470e78d"}
486b3b72-97e7-4eaa-8f20-eb3eda4f6abc	de2203a6-0768-43aa-a2b1-9fe5839e9a13	372a9e3a-b309-5bf1-809d-e3c6f9498954	2	\N		{"chunkId": "372a9e3a-b309-5bf1-809d-e3c6f9498954"}
c4be23c1-a509-4fd8-84ed-6bc91f8963cc	de2203a6-0768-43aa-a2b1-9fe5839e9a13	0ae61050-956e-5b49-98ad-ba5944afb05b	3	\N		{"chunkId": "0ae61050-956e-5b49-98ad-ba5944afb05b"}
\.


--
-- PostgreSQL database dump complete
--

